S0,K,T,C_mkt,iv_market
660.08,575.0,0.0,84.56,1.2316932946777341
660.08,580.0,0.0,94.58,1.1635784008789063
660.08,585.0,0.0,78.59,1.0754440759277344
660.08,590.0,0.0,89.22,1.0185595947265624
660.08,605.0,0.0,53.43,0.8510757080078125
660.08,610.0,0.0,54.07,0.7854025366210937
660.08,615.0,0.0,47.81,0.7050810742187501
660.08,625.0,0.0,35.02,0.5832561206054687
660.08,630.0,0.0,32.62,0.5222215747070311
660.08,632.0,0.0,31.73,0.4858449853515625
660.08,635.0,0.0,28.82,0.44434149414062496
660.08,640.0,0.0,21.35,0.38672488281249995
660.08,642.0,0.0,17.09,0.3668276208496094
660.08,644.0,0.0,17.5,0.34326828613281246
660.08,645.0,0.0,18.0,0.3324041369628906
660.08,646.0,0.0,16.3,0.35352208984374994
660.08,647.0,0.0,12.83,0.33765310791015624
660.08,648.0,0.0,14.83,0.3270330969238281
660.08,649.0,0.0,15.38,0.2960275476074219
660.08,650.0,0.0,12.32,0.2830882238769531
660.08,651.0,0.0,11.58,0.280158565673828
660.08,652.0,0.0,10.28,0.29004616210937495
660.08,653.0,0.0,9.42,0.2640454455566406
660.08,654.0,0.0,8.77,0.27283442016601556
660.08,655.0,0.0,8.03,0.24988543090820312
660.08,656.0,0.0,7.15,0.24024197265624997
660.08,657.0,0.0,6.42,0.2417068017578125
660.08,658.0,0.0,5.75,0.2356033471679687
660.08,659.0,0.0,4.9,0.2222367816162109
660.08,660.0,0.0,4.35,0.21704884521484374
660.08,661.0,0.0,3.77,0.21656056884765623
660.08,662.0,0.0,3.15,0.2067950415039062
660.08,663.0,0.0,2.7,0.2048419360351562
660.08,664.0,0.0,2.27,0.20172917419433595
660.08,665.0,0.0,1.87,0.19678537597656248
660.08,666.0,0.0,1.55,0.19458813232421873
660.08,667.0,0.0,1.23,0.18982743774414065
660.08,668.0,0.0,0.99,0.1870198486328125
660.08,669.0,0.0,0.83,0.1900715759277344
660.08,670.0,0.0,0.58,0.18140467041015623
660.08,671.0,0.0,0.46,0.1782308740234375
660.08,672.0,0.0,0.35,0.17896328857421873
660.08,673.0,0.0,0.27,0.1757894921875
660.08,674.0,0.0,0.19,0.17383638671875
660.08,675.0,0.0,0.13,0.17285983398437502
660.08,676.0,0.0,0.1,0.17188328125000002
660.08,677.0,0.0,0.06,0.16993017578125003
660.08,678.0,0.0,0.06,0.174812939453125
660.08,679.0,0.0,0.05,0.17774259765625
660.08,680.0,0.0,0.03,0.179695703125
660.08,681.0,0.0,0.03,0.180672255859375
660.08,682.0,0.0,0.02,0.187508125
660.08,683.0,0.0,0.02,0.18555501953124998
660.08,684.0,0.0,0.01,0.19336744140625
660.08,685.0,0.0,0.01,0.1992267578125
660.08,686.0,0.0,0.01,0.20703917968749996
660.08,687.0,0.0,0.01,0.2148516015625
660.08,688.0,0.0,0.01,0.22071091796874998
660.08,689.0,0.0,0.01,0.22852333984375
660.08,690.0,0.0,0.01,0.23438265625
660.08,691.0,0.0,0.01,0.242195078125
660.08,692.0,0.0,0.01,0.2304764453125
660.08,693.0,0.0,0.01,0.23828886718749998
660.08,694.0,0.0,0.01,0.242195078125
660.08,695.0,0.0,0.01,0.2500075
660.08,696.0,0.0,0.01,0.257819921875
660.08,697.0,0.0,0.01,0.2617261328125
660.08,698.0,0.0,0.01,0.2695385546875
660.08,699.0,0.0,0.01,0.273444765625
660.08,700.0,0.0,0.01,0.28125718749999995
660.08,701.0,0.0,0.02,0.2890696093749999
660.08,702.0,0.0,0.02,0.2929758203124999
660.08,703.0,0.0,0.01,0.29688203124999996
660.08,704.0,0.0,0.01,0.304694453125
660.08,705.0,0.0,0.01,0.31250687499999996
660.08,706.0,0.0,0.01,0.32031929687499994
660.08,707.0,0.0,0.01,0.3242255078124999
660.08,708.0,0.0,0.01,0.32813171874999997
660.08,709.0,0.0,0.01,0.335944140625
660.08,710.0,0.0,0.01,0.3437565625
660.08,711.0,0.0,0.01,0.34766277343749996
660.08,712.0,0.0,0.01,0.35156898437499995
660.08,713.0,0.0,0.02,0.35938140625
660.08,714.0,0.0,0.01,0.367193828125
660.08,715.0,0.0,0.01,0.3711000390625
660.08,716.0,0.0,0.03,0.37500625
660.08,717.0,0.0,0.01,0.38281867187499996
660.08,718.0,0.0,0.01,0.39063109375
660.08,719.0,0.0,0.02,0.39453730468750003
660.08,720.0,0.0,0.01,0.398443515625
660.08,722.0,0.0,0.03,0.414068359375
660.08,723.0,0.0,0.03,0.41797457031249996
660.08,724.0,0.0,0.03,0.42188078125
660.08,725.0,0.0,0.02,0.42969320312500003
660.08,728.0,0.0,0.02,0.445318046875
660.08,729.0,0.0,0.01,0.45313046875
660.08,730.0,0.0,0.01,0.46094289062500005
660.08,735.0,0.0,0.01,0.48438015625
660.08,740.0,0.0,0.01,0.51562984375
660.08,745.0,0.0,0.01,0.51562984375
660.08,750.0,0.0,0.01,0.570316796875
660.08,765.0,0.0,0.01,0.648441015625
660.08,780.0,0.0,0.01,0.726565234375
660.08,500.0,0.04,160.33,0.8164080859374999
660.08,505.0,0.04,165.5,0.8055439367675781
660.08,510.0,0.04,164.32,0.7839377075195313
660.08,515.0,0.04,154.92,0.7506128454589844
660.08,520.0,0.04,142.08,0.7447535290527343
660.08,525.0,0.04,148.83,0.7057524542236329
660.08,530.0,0.04,153.64,0.7008086560058593
660.08,535.0,0.04,139.25,0.6772493212890626
660.08,540.0,0.04,124.14,0.6586948193359375
660.08,545.0,0.04,120.9,0.6334265173339844
660.08,550.0,0.04,134.55,0.6160927062988282
660.08,555.0,0.04,119.61,0.5992471716308594
660.08,560.0,0.04,101.74,0.5617109259033204
660.08,565.0,0.04,110.74,0.5590254058837891
660.08,570.0,0.04,106.67,0.5343064147949219
660.08,575.0,0.04,110.1,0.5148974291992188
660.08,580.0,0.04,81.2,0.5291795129394532
660.08,585.0,0.04,89.15,0.5036060382080079
660.08,590.0,0.04,71.57,0.49872327453613285
660.08,595.0,0.04,90.71,0.4835867071533204
660.08,600.0,0.04,66.79,0.44077097320556635
660.08,605.0,0.04,71.7,0.3880066082763671
660.08,610.0,0.04,54.0,0.36652244812011714
660.08,615.0,0.04,50.42,0.35632967895507806
660.08,620.0,0.04,42.55,0.3367986242675781
660.08,625.0,0.04,41.16,0.31836619140624994
660.08,630.0,0.04,38.89,0.3087227331542969
660.08,635.0,0.04,33.69,0.29132788757324213
660.08,640.0,0.04,29.94,0.274421318359375
660.08,641.0,0.04,26.79,0.2759471820068359
660.08,642.0,0.04,26.57,0.2778392529296875
660.08,643.0,0.04,26.46,0.26636475830078127
660.08,644.0,0.04,25.5,0.2691113128662109
660.08,645.0,0.04,24.83,0.2607800973510742
660.08,646.0,0.04,21.51,0.2627942373657227
660.08,647.0,0.04,20.4,0.2611157873535156
660.08,648.0,0.04,22.49,0.25818612915039063
660.08,649.0,0.04,20.74,0.2531507791137696
660.08,650.0,0.04,20.36,0.24909198181152342
660.08,651.0,0.04,20.2,0.24451439086914065
660.08,652.0,0.04,20.38,0.2474135317993164
660.08,653.0,0.04,19.82,0.24326318267822267
660.08,654.0,0.04,18.0,0.23825834991455075
660.08,655.0,0.04,17.47,0.2338028280639648
660.08,656.0,0.04,15.52,0.2355728298950195
660.08,657.0,0.04,15.36,0.23282627532958983
660.08,658.0,0.04,15.44,0.22907265075683597
660.08,659.0,0.04,14.03,0.22699747619628902
660.08,660.0,0.04,13.0,0.22077195251464843
660.08,661.0,0.04,12.76,0.22101609069824218
660.08,662.0,0.04,11.93,0.21595022338867187
660.08,663.0,0.04,11.34,0.2135393588256836
660.08,664.0,0.04,11.0,0.21143366699218746
660.08,665.0,0.04,10.09,0.20996883789062498
660.08,666.0,0.04,9.89,0.20929745788574217
660.08,667.0,0.04,8.81,0.20523866058349605
660.08,668.0,0.04,8.54,0.20145451873779296
660.08,669.0,0.04,8.17,0.1991352059936523
660.08,670.0,0.04,7.38,0.1994098614501953
660.08,671.0,0.04,7.03,0.19565623687744144
660.08,672.0,0.04,6.74,0.1947102014160156
660.08,673.0,0.04,6.24,0.19144485321044924
660.08,674.0,0.04,5.86,0.1887898504638672
660.08,675.0,0.04,5.2,0.186531572265625
660.08,676.0,0.04,5.06,0.18439536315917968
660.08,677.0,0.04,4.87,0.18125208404541016
660.08,678.0,0.04,4.29,0.17939053039550779
660.08,679.0,0.04,3.87,0.17762052856445312
660.08,680.0,0.04,3.35,0.17572845764160155
660.08,681.0,0.04,3.23,0.1729819030761719
660.08,682.0,0.04,2.98,0.17170017761230472
660.08,683.0,0.04,2.69,0.16828224304199224
660.08,684.0,0.04,2.29,0.16700051757812504
660.08,685.0,0.04,2.04,0.165047412109375
660.08,686.0,0.04,1.85,0.16346051391601565
660.08,687.0,0.04,1.66,0.16181258117675779
660.08,688.0,0.04,1.5,0.1606529248046875
660.08,689.0,0.04,1.51,0.15979844116210937
660.08,690.0,0.04,1.18,0.15821154296875
660.08,691.0,0.04,1.03,0.1568687829589844
660.08,692.0,0.04,1.0,0.15552602294921875
660.08,693.0,0.04,0.87,0.15418326293945314
660.08,694.0,0.04,0.72,0.15284050292968754
660.08,695.0,0.04,0.64,0.1519860192871094
660.08,696.0,0.04,0.57,0.15076532836914067
660.08,697.0,0.04,0.61,0.15027705200195315
660.08,698.0,0.04,0.48,0.14881222290039062
660.08,699.0,0.04,0.42,0.1489342919921875
660.08,700.0,0.04,0.34,0.14881222290039062
660.08,701.0,0.04,0.35,0.147469462890625
660.08,702.0,0.04,0.26,0.14649291015625
660.08,703.0,0.04,0.23,0.14624877197265623
660.08,704.0,0.04,0.2,0.14673704833984375
660.08,705.0,0.04,0.19,0.1469811865234375
660.08,706.0,0.04,0.19,0.1469811865234375
660.08,707.0,0.04,0.16,0.14649291015625
660.08,708.0,0.04,0.16,0.14917843017578125
660.08,709.0,0.04,0.11,0.148446015625
660.08,710.0,0.04,0.11,0.1469811865234375
660.08,715.0,0.04,0.06,0.15235222656250003
660.08,720.0,0.04,0.05,0.157234990234375
660.08,725.0,0.04,0.03,0.16407085937500002
660.08,730.0,0.04,0.03,0.174812939453125
660.08,735.0,0.04,0.03,0.18555501953124998
660.08,740.0,0.04,0.02,0.18946123046875002
660.08,745.0,0.04,0.02,0.1992267578125
660.08,750.0,0.04,0.02,0.20899228515624996
660.08,755.0,0.04,0.02,0.21875781249999998
660.08,760.0,0.04,0.02,0.22852333984375
660.08,765.0,0.04,0.02,0.23828886718749998
660.08,770.0,0.04,0.02,0.23828886718749998
660.08,775.0,0.04,0.02,0.257819921875
660.08,780.0,0.04,0.02,0.25586681640625003
660.08,785.0,0.04,0.02,0.26563234375
660.08,790.0,0.04,0.02,0.273444765625
660.08,580.0,0.12,94.13,0.35718416259765623
660.08,630.0,0.12,39.59,0.2594373373413086
660.08,640.0,0.12,35.15,0.24082180084228516
660.08,645.0,0.12,30.43,0.23011023803710937
660.08,650.0,0.12,26.67,0.22040574523925777
660.08,655.0,0.12,22.33,0.21085383880615233
660.08,656.0,0.12,21.92,0.21141840835571285
660.08,657.0,0.12,21.3,0.208442974243164
660.08,658.0,0.12,20.9,0.2059405578613281
660.08,659.0,0.12,21.43,0.206138920135498
660.08,660.0,0.12,19.09,0.20442995285034177
660.08,661.0,0.12,18.64,0.2009204664611816
660.08,662.0,0.12,17.8,0.2015002946472168
660.08,663.0,0.12,17.6,0.1994098614501953
660.08,664.0,0.12,16.68,0.19702951416015624
660.08,665.0,0.12,16.0,0.1964802032470703
660.08,666.0,0.12,15.53,0.1934589932250977
660.08,667.0,0.12,16.28,0.19303175140380857
660.08,668.0,0.12,15.65,0.1915364050292969
660.08,669.0,0.12,13.79,0.1896138168334961
660.08,670.0,0.12,13.23,0.18662312408447268
660.08,671.0,0.12,13.76,0.1862263995361328
660.08,672.0,0.12,12.17,0.18506674316406246
660.08,673.0,0.12,12.66,0.18323570678710935
660.08,674.0,0.12,11.2,0.18253380950927733
660.08,675.0,0.12,10.65,0.17946682357788085
660.08,676.0,0.12,10.17,0.17783414947509768
660.08,677.0,0.12,9.81,0.17722380401611326
660.08,678.0,0.12,10.13,0.1754843194580078
660.08,679.0,0.12,9.64,0.17533173309326172
660.08,680.0,0.12,8.45,0.17343966217041018
660.08,681.0,0.12,8.52,0.17188328125000002
660.08,682.0,0.12,8.17,0.1700522448730469
660.08,683.0,0.12,7.56,0.16993017578125003
660.08,684.0,0.12,7.52,0.16768715621948244
660.08,685.0,0.12,6.64,0.16668008621215824
660.08,686.0,0.12,6.13,0.16541361938476565
660.08,687.0,0.12,5.75,0.16413189392089844
660.08,688.0,0.12,6.15,0.16309430664062502
660.08,689.0,0.12,5.61,0.16217878845214845
660.08,690.0,0.12,5.02,0.16056137298583983
660.08,691.0,0.12,4.88,0.1595237857055664
660.08,692.0,0.12,4.66,0.159188095703125
660.08,693.0,0.12,4.51,0.15796740478515625
660.08,694.0,0.12,4.22,0.1570824038696289
660.08,695.0,0.12,3.92,0.15537343658447267
660.08,696.0,0.12,3.62,0.1550987811279297
660.08,697.0,0.12,3.38,0.1543968838500977
660.08,698.0,0.12,3.18,0.15299308929443362
660.08,699.0,0.12,2.86,0.15287102020263676
660.08,700.0,0.12,2.62,0.1514977429199219
660.08,701.0,0.12,2.44,0.15128412200927738
660.08,702.0,0.12,2.44,0.15012446563720705
660.08,704.0,0.12,2.16,0.14899532653808595
660.08,705.0,0.12,2.04,0.14887325744628904
660.08,707.0,0.12,1.83,0.147744118347168
660.08,709.0,0.12,1.52,0.1472863592529297
660.08,710.0,0.12,1.47,0.14704222106933595
660.08,715.0,0.12,1.04,0.14576049560546872
660.08,720.0,0.12,0.7,0.145516357421875
660.08,725.0,0.12,0.54,0.14600463378906248
660.08,730.0,0.12,0.4,0.1469811865234375
660.08,735.0,0.12,0.29,0.148446015625
660.08,740.0,0.12,0.23,0.14991084472656252
660.08,745.0,0.12,0.18,0.15284050292968754
660.08,750.0,0.12,0.13,0.15601429931640626
660.08,755.0,0.12,0.13,0.15821154296875
660.08,770.0,0.12,0.07,0.16895362304687503
660.08,790.0,0.12,0.05,0.1870198486328125
660.08,345.0,0.25,343.0,0.801637725830078
660.08,350.0,0.25,320.74,0.7891866784667969
660.08,365.0,0.25,304.51,0.7532373309326172
660.08,385.0,0.25,291.95,0.7072783178710937
660.08,390.0,0.25,263.91,0.9136971520996093
660.08,395.0,0.25,285.26,0.6860382958984376
660.08,400.0,0.25,262.97,0.6717562121582032
660.08,405.0,0.25,270.59,0.6627230993652344
660.08,420.0,0.25,249.2,0.6305273764038085
660.08,435.0,0.25,230.64,0.5982706188964844
660.08,440.0,0.25,243.73,0.5877421597290039
660.08,455.0,0.25,213.23,0.5575910940551759
660.08,460.0,0.25,208.64,0.5490157403564455
660.08,465.0,0.25,208.13,0.5359238302612305
660.08,470.0,0.25,201.2,0.5277146838378908
660.08,475.0,0.25,193.41,0.5153246710205077
660.08,480.0,0.25,186.6,0.5081225946044923
660.08,485.0,0.25,179.86,0.5244493356323242
660.08,490.0,0.25,174.54,0.5122119091796875
660.08,495.0,0.25,183.85,0.5021412091064454
660.08,500.0,0.25,170.41,0.46536789520263677
660.08,505.0,0.25,166.29,0.4823660162353516
660.08,510.0,0.25,186.15,0.4700370379638672
660.08,515.0,0.25,155.4,0.46310961700439457
660.08,520.0,0.25,170.31,0.44977356872558594
660.08,525.0,0.25,164.25,0.4458063232421875
660.08,530.0,0.25,155.89,0.43329424133300787
660.08,535.0,0.25,135.43,0.42746544219970706
660.08,540.0,0.25,136.3,0.39633782379150395
660.08,545.0,0.25,127.16,0.38706057281494133
660.08,550.0,0.25,124.07,0.37686780364990236
660.08,555.0,0.25,117.48,0.37174090179443364
660.08,560.0,0.25,113.19,0.3611514080810546
660.08,565.0,0.25,108.26,0.35297277893066403
660.08,570.0,0.25,103.09,0.34751018707275383
660.08,575.0,0.25,99.56,0.33658500335693364
660.08,580.0,0.25,95.83,0.3314581015014648
660.08,585.0,0.25,90.48,0.32569033691406246
660.08,590.0,0.25,85.79,0.3139717041015625
660.08,595.0,0.25,81.45,0.3090889404296875
660.08,600.0,0.25,76.44,0.3007577249145508
660.08,605.0,0.25,72.5,0.2919992675781249
660.08,610.0,0.25,68.34,0.2831797756958008
660.08,615.0,0.25,63.86,0.276099768371582
660.08,620.0,0.25,59.64,0.2699963137817383
660.08,625.0,0.25,54.49,0.264655791015625
660.08,630.0,0.25,51.8,0.25501233276367197
660.08,635.0,0.25,47.6,0.24951922363281248
660.08,640.0,0.25,45.0,0.2422255953979492
660.08,645.0,0.25,39.37,0.23532869171142579
660.08,650.0,0.25,36.27,0.22713480392456054
660.08,655.0,0.25,32.74,0.22168747070312497
660.08,660.0,0.25,28.86,0.21450065292358395
660.08,665.0,0.25,26.15,0.207390128326416
660.08,670.0,0.25,22.99,0.20265995101928708
660.08,675.0,0.25,19.87,0.19602244415283204
660.08,680.0,0.25,17.2,0.1901936450195313
660.08,685.0,0.25,15.04,0.18425803543090818
660.08,690.0,0.25,12.5,0.17966518585205077
660.08,695.0,0.25,10.5,0.1745840599060059
660.08,700.0,0.25,8.8,0.17104405624389651
660.08,705.0,0.25,7.42,0.16663431030273443
660.08,710.0,0.25,6.0,0.16303327209472657
660.08,715.0,0.25,4.99,0.1599815447998047
660.08,720.0,0.25,4.05,0.1572044729614258
660.08,725.0,0.25,3.19,0.15534291931152344
660.08,730.0,0.25,2.54,0.15299308929443362
660.08,735.0,0.25,2.26,0.1519860192871094
660.08,740.0,0.25,1.75,0.15103998382568362
660.08,745.0,0.25,1.32,0.1506432592773438
660.08,750.0,0.25,1.16,0.15021601745605473
660.08,755.0,0.25,0.94,0.15027705200195315
660.08,760.0,0.25,0.75,0.1505211901855469
660.08,765.0,0.25,0.62,0.15088739746093754
660.08,770.0,0.25,0.48,0.15161981201171876
660.08,775.0,0.25,0.43,0.1519860192871094
660.08,780.0,0.25,0.33,0.15393912475585939
660.08,785.0,0.25,0.28,0.15467153930664065
660.08,790.0,0.25,0.25,0.15613636840820314
660.08,795.0,0.25,0.19,0.15796740478515625
660.08,800.0,0.25,0.18,0.15943223388671873
660.08,245.0,0.33,386.89,1.0988814587402347
660.08,250.0,0.33,414.43,0.9792482543945313
660.08,255.0,0.33,355.14,1.0672654058837894
660.08,260.0,0.33,388.32,1.0519456582641604
660.08,265.0,0.33,383.68,1.0368090151977545
660.08,270.0,0.33,396.21,1.0672654058837894
660.08,275.0,0.33,374.11,1.007329182128906
660.08,285.0,0.33,321.9,1.0000000000000003e-05
660.08,290.0,0.33,367.29,1.0000000000000003e-05
660.08,295.0,0.33,253.05,1.0000000000000003e-05
660.08,300.0,0.33,369.02,0.8450943225097656
660.08,305.0,0.33,368.6,1.0958297161865236
660.08,310.0,0.33,260.19,1.0000000000000003e-05
660.08,315.0,0.33,367.52,0.8098773895263671
660.08,320.0,0.33,361.74,0.7997456549072266
660.08,325.0,0.33,325.76,0.8716443499755859
660.08,330.0,0.33,340.28,0.7741111456298828
660.08,335.0,0.33,326.27,0.5712933496093751
660.08,340.0,0.33,333.5,0.7575707836914063
660.08,345.0,0.33,338.25,0.7408473181152342
660.08,350.0,0.33,322.97,0.7321804125976561
660.08,355.0,0.33,311.0,1.0341845166015626
660.08,360.0,0.33,316.23,0.7106352178955078
660.08,365.0,0.33,281.95,0.7743552838134766
660.08,370.0,0.33,319.46,0.6925689923095704
660.08,375.0,0.33,303.0,0.8763440100097657
660.08,380.0,0.33,299.68,0.6715120739746094
660.08,385.0,0.33,282.19,0.7531762963867188
660.08,390.0,0.33,293.34,0.6497227410888673
660.08,395.0,0.33,276.01,0.8219927468872069
660.08,400.0,0.33,263.55,0.6272620281982424
660.08,405.0,0.33,280.95,0.6209449526977541
660.08,410.0,0.33,264.01,0.7815115843200684
660.08,415.0,0.33,263.8,0.7685264846801759
660.08,420.0,0.33,263.71,0.587620090637207
660.08,425.0,0.33,254.4,0.5739788696289063
660.08,430.0,0.33,256.4,0.5712628323364258
660.08,435.0,0.33,195.67,0.6217384017944337
660.08,440.0,0.33,245.9,0.5524336749267578
660.08,445.0,0.33,237.83,0.5413864221191409
660.08,450.0,0.33,215.1,0.5310105493164063
660.08,455.0,0.33,215.53,0.5247545083618165
660.08,460.0,0.33,219.07,0.512974841003418
660.08,465.0,0.33,224.6,0.5061694891357422
660.08,470.0,0.33,196.69,0.5188646746826171
660.08,475.0,0.33,198.35,0.5086413882446289
660.08,480.0,0.33,196.2,0.49799085998535164
660.08,485.0,0.33,196.66,0.4874013662719727
660.08,490.0,0.33,175.82,0.4786123916625976
660.08,495.0,0.33,172.0,0.47482824981689453
660.08,500.0,0.33,172.66,0.4650627224731446
660.08,505.0,0.33,187.79,0.4560296096801758
660.08,510.0,0.33,157.57,0.44882753326416014
660.08,515.0,0.33,179.13,0.435827174987793
660.08,520.0,0.33,148.6,0.4317683776855469
660.08,525.0,0.33,158.58,0.42340664489746094
660.08,530.0,0.33,152.71,0.39679558288574224
660.08,535.0,0.33,134.87,0.3864197100830078
660.08,540.0,0.33,144.9,0.37839366729736323
660.08,545.0,0.33,125.82,0.37248857498168947
660.08,550.0,0.33,125.25,0.3636233071899414
660.08,555.0,0.33,127.32,0.3567264035034179
660.08,560.0,0.33,110.57,0.3497226893615722
660.08,565.0,0.33,115.3,0.3441532870483398
660.08,570.0,0.33,106.85,0.33708853836059577
660.08,575.0,0.33,100.25,0.3294439614868163
660.08,580.0,0.33,95.52,0.3215857637023925
660.08,585.0,0.33,93.37,0.3146736013793945
660.08,590.0,0.33,88.75,0.30892109542846674
660.08,595.0,0.33,81.75,0.30391626266479493
660.08,600.0,0.33,79.55,0.29572237487792963
660.08,605.0,0.33,73.82,0.2904886625671386
660.08,610.0,0.33,73.28,0.2827067579650879
660.08,615.0,0.33,66.71,0.27484856018066406
660.08,620.0,0.33,64.18,0.2702404519653321
660.08,625.0,0.33,59.41,0.26228307304382326
660.08,630.0,0.33,55.64,0.2575300077819825
660.08,635.0,0.33,48.92,0.25156388092041015
660.08,640.0,0.33,45.92,0.24474327041625982
660.08,645.0,0.33,44.04,0.2366561930847168
660.08,650.0,0.33,42.07,0.2326126544189453
660.08,655.0,0.33,38.86,0.2264557946014404
660.08,660.0,0.33,33.67,0.21884936431884766
660.08,665.0,0.33,30.78,0.2130663410949707
660.08,670.0,0.33,27.82,0.20761900787353516
660.08,675.0,0.33,24.57,0.20211064010620117
660.08,680.0,0.33,21.8,0.19734994552612306
660.08,685.0,0.33,19.66,0.1920551986694336
660.08,690.0,0.33,16.53,0.18639424453735354
660.08,695.0,0.33,14.62,0.1827932063293457
660.08,700.0,0.33,12.5,0.1783834603881836
660.08,705.0,0.33,10.59,0.17366854171752932
660.08,710.0,0.33,9.11,0.17079991806030276
660.08,715.0,0.33,7.62,0.16677163803100592
660.08,720.0,0.33,6.47,0.1639182730102539
660.08,725.0,0.33,5.55,0.16162947753906248
660.08,730.0,0.33,4.58,0.1593711993408203
660.08,735.0,0.33,3.83,0.1572044729614258
660.08,740.0,0.33,3.25,0.1554192124938965
660.08,745.0,0.33,2.55,0.15393912475585939
660.08,750.0,0.33,2.1,0.15305412384033207
660.08,755.0,0.33,1.64,0.1523217092895508
660.08,760.0,0.33,1.56,0.15152826019287113
660.08,765.0,0.33,1.26,0.1513146392822266
660.08,770.0,0.33,1.1,0.15119257019042973
660.08,775.0,0.33,0.83,0.15107050109863285
660.08,780.0,0.33,0.75,0.15143670837402345
660.08,785.0,0.33,0.63,0.1518639501953125
660.08,790.0,0.33,0.53,0.1524742956542969
660.08,795.0,0.33,0.45,0.15284050292968754
660.08,800.0,0.33,0.39,0.1549156774902344
660.08,805.0,0.33,0.33,0.15528188476562502
660.08,810.0,0.33,0.29,0.15650257568359377
660.08,815.0,0.33,0.3,0.1573570593261719
660.08,820.0,0.33,0.22,0.15857775024414064
660.08,825.0,0.33,0.19,0.16040878662109376
660.08,830.0,0.33,0.17,0.16211775390625
660.08,835.0,0.33,0.15,0.16333844482421878
660.08,840.0,0.33,0.14,0.16407085937500002
660.08,845.0,0.33,0.14,0.1662681030273438
660.08,850.0,0.33,0.12,0.16797707031250003
660.08,475.0,0.44,216.0,0.4615837533569337
660.08,480.0,0.44,206.69,0.45290158920288087
660.08,500.0,0.44,183.66,0.42389492126464845
660.08,505.0,0.44,178.29,0.4186154330444336
660.08,510.0,0.44,187.22,0.3975585147094727
660.08,515.0,0.44,175.75,0.38852540191650387
660.08,520.0,0.44,171.93,0.3858398818969726
660.08,530.0,0.44,143.65,0.37140521179199215
660.08,535.0,0.44,155.9,0.36511865356445317
660.08,540.0,0.44,146.86,0.35867950897216794
660.08,550.0,0.44,138.88,0.3438023384094238
660.08,555.0,0.44,127.16,0.3383397465515136
660.08,560.0,0.44,133.0,0.33228206787109377
660.08,565.0,0.44,122.7,0.327857063293457
660.08,570.0,0.44,111.45,0.32047188323974607
660.08,575.0,0.44,119.51,0.31651989639282224
660.08,580.0,0.44,103.1,0.3083412672424316
660.08,585.0,0.44,98.01,0.3040230731201171
660.08,590.0,0.44,93.74,0.2967447035217285
660.08,595.0,0.44,89.78,0.2912668530273437
660.08,600.0,0.44,86.43,0.2859492182159423
660.08,605.0,0.44,81.16,0.2801433070373534
660.08,610.0,0.44,75.32,0.2765880447387695
660.08,612.0,0.44,92.34,0.27436028381347655
660.08,613.0,0.44,90.41,0.27284967880249017
660.08,615.0,0.44,82.09,0.2703625210571289
660.08,616.0,0.44,72.87,0.26843993286132806
660.08,618.0,0.44,85.76,0.2675244146728516
660.08,620.0,0.44,78.18,0.2645489805603027
660.08,621.0,0.44,82.9,0.2639386351013184
660.08,622.0,0.44,83.47,0.2629468237304688
660.08,625.0,0.44,73.5,0.25937630279541024
660.08,627.0,0.44,62.05,0.25628642890930176
660.08,630.0,0.44,65.15,0.25252517501831057
660.08,631.0,0.44,57.38,0.2526625027465821
660.08,634.0,0.44,71.1,0.24932086135864256
660.08,635.0,0.44,58.66,0.24730672134399412
660.08,637.0,0.44,56.72,0.24542227973937988
660.08,638.0,0.44,64.28,0.2450789604187012
660.08,639.0,0.44,63.45,0.24294275131225584
660.08,640.0,0.44,60.27,0.2425612854003906
660.08,641.0,0.44,53.61,0.24080654220581055
660.08,642.0,0.44,61.01,0.24156184471130374
660.08,643.0,0.44,66.27,0.2389602471923828
660.08,644.0,0.44,64.02,0.23856352264404296
660.08,645.0,0.44,50.25,0.23726653854370117
660.08,646.0,0.44,47.81,0.23642731353759766
660.08,647.0,0.44,54.65,0.23561860580444333
660.08,648.0,0.44,48.2,0.2342148112487793
660.08,649.0,0.44,58.04,0.23383334533691402
660.08,650.0,0.44,47.35,0.23239903350830077
660.08,651.0,0.44,57.55,0.2310562734985352
660.08,652.0,0.44,58.89,0.22888954711914064
660.08,653.0,0.44,44.35,0.2293473062133789
660.08,654.0,0.44,41.8,0.22731790756225584
660.08,655.0,0.44,40.73,0.22664652755737302
660.08,656.0,0.44,39.25,0.2257767852783203
660.08,657.0,0.44,41.86,0.22545635391235352
660.08,658.0,0.44,49.5,0.22347273117065425
660.08,659.0,0.44,40.35,0.22282423912048335
660.08,660.0,0.44,39.69,0.22164932411193847
660.08,661.0,0.44,37.25,0.2206193661499023
660.08,662.0,0.44,38.72,0.21968096000671386
660.08,663.0,0.44,37.61,0.21843738113403316
660.08,664.0,0.44,36.71,0.21734638862609865
660.08,665.0,0.44,36.46,0.2165147929382324
660.08,666.0,0.44,36.57,0.2151415156555176
660.08,667.0,0.44,38.61,0.21466086860656738
660.08,668.0,0.44,32.27,0.21376060905456543
660.08,669.0,0.44,33.63,0.21305871177673338
660.08,670.0,0.44,33.77,0.2116549172210693
660.08,671.0,0.44,33.57,0.21051051948547364
660.08,672.0,0.44,31.85,0.20911435424804684
660.08,673.0,0.44,31.29,0.20837431037902826
660.08,674.0,0.44,30.46,0.2074359042358398
660.08,675.0,0.44,30.32,0.20597107513427731
660.08,676.0,0.44,30.06,0.20504029830932613
660.08,677.0,0.44,29.44,0.20407900421142577
660.08,678.0,0.44,28.89,0.20310245147705075
660.08,679.0,0.44,28.49,0.20243107147216793
660.08,680.0,0.44,27.78,0.20134007896423337
660.08,681.0,0.44,27.39,0.201080682144165
660.08,682.0,0.44,26.84,0.19998968963623048
660.08,683.0,0.44,26.29,0.1987537400817871
660.08,684.0,0.44,25.6,0.1983036103057861
660.08,685.0,0.44,25.22,0.19730416961669922
660.08,686.0,0.44,24.56,0.1960987373352051
660.08,687.0,0.44,24.03,0.1956180902862549
660.08,688.0,0.44,23.5,0.1941151145935059
660.08,689.0,0.44,23.02,0.19393201095581059
660.08,690.0,0.44,22.54,0.19284101844787596
660.08,691.0,0.44,21.96,0.19171950866699222
660.08,692.0,0.44,21.64,0.19080399047851562
660.08,693.0,0.44,21.12,0.19033097274780275
660.08,694.0,0.44,20.56,0.18911028182983397
660.08,695.0,0.44,19.56,0.18857622955322267
660.08,696.0,0.44,19.75,0.18776752182006834
660.08,697.0,0.44,19.42,0.18663075340271
660.08,698.0,0.44,18.94,0.18600514930725096
660.08,699.0,0.44,16.85,0.18534902793884275
660.08,700.0,0.44,17.49,0.18472342384338378
660.08,701.0,0.44,17.67,0.1834493276977539
660.08,702.0,0.44,15.63,0.18300682723999018
660.08,703.0,0.44,16.75,0.18209130905151366
660.08,704.0,0.44,16.33,0.18170984313964844
660.08,705.0,0.44,15.44,0.18041285903930665
660.08,706.0,0.44,14.12,0.18010005699157713
660.08,707.0,0.44,15.08,0.1790395817565918
660.08,708.0,0.44,18.06,0.1783376844787598
660.08,709.0,0.44,17.64,0.17766630447387693
660.08,710.0,0.44,13.81,0.1771627694702148
660.08,711.0,0.44,12.51,0.17649138946533205
660.08,715.0,0.44,11.84,0.17348543807983396
660.08,720.0,0.44,10.59,0.17072362487792972
660.08,725.0,0.44,8.9,0.16762612167358398
660.08,730.0,0.44,6.93,0.16480327392578126
660.08,735.0,0.44,6.59,0.16216352981567383
660.08,740.0,0.44,5.96,0.1599815447998047
660.08,745.0,0.44,6.78,0.15860826751708984
660.08,750.0,0.44,4.23,0.1570061106872559
660.08,755.0,0.44,3.41,0.15551076431274413
660.08,760.0,0.44,3.12,0.1543968838500977
660.08,765.0,0.44,2.48,0.15338981384277345
660.08,770.0,0.44,2.01,0.1524437783813477
660.08,775.0,0.44,1.9,0.15174188110351564
660.08,780.0,0.44,1.51,0.15116205291748053
660.08,785.0,0.44,1.72,0.15070429382324224
660.08,790.0,0.44,1.13,0.15046015563964849
660.08,795.0,0.44,0.95,0.1506432592773438
660.08,800.0,0.44,0.78,0.1505211901855469
660.08,805.0,0.44,0.72,0.1508263629150391
660.08,810.0,0.44,0.62,0.15088739746093754
660.08,815.0,0.44,0.58,0.15125360473632815
660.08,820.0,0.44,0.47,0.15210808837890627
660.08,825.0,0.44,0.39,0.1519860192871094
660.08,830.0,0.44,0.34,0.15259636474609378
660.08,245.0,0.57,434.95,1.0399217926025395
660.08,250.0,0.57,423.03,1.0241748010253908
660.08,255.0,0.57,433.07,0.7867452966308592
660.08,260.0,0.57,368.98,0.8433243206787109
660.08,265.0,0.57,349.37,0.8321855160522459
660.08,270.0,0.57,398.95,0.7572656109619142
660.08,275.0,0.57,414.0,0.7477442218017578
660.08,280.0,0.57,314.93,1.0000000000000003e-05
660.08,285.0,0.57,379.6,0.8145160150146484
660.08,290.0,0.57,356.09,0.7791159783935546
660.08,295.0,0.57,325.1,0.7688621746826172
660.08,300.0,0.57,381.46,0.6950103741455078
660.08,305.0,0.57,360.68,0.7710899356079101
660.08,310.0,0.57,368.7,0.856721403503418
660.08,315.0,0.57,365.18,0.8438431143188475
660.08,320.0,0.57,350.08,0.6657443093872072
660.08,325.0,0.57,325.6,0.8085041122436524
660.08,330.0,0.57,357.81,0.6493870510864258
660.08,335.0,0.57,309.16,0.6912567495727541
660.08,340.0,0.57,344.41,0.6337622073364259
660.08,345.0,0.57,297.47,0.6728548339843752
660.08,350.0,0.57,318.5,0.6158180508422851
660.08,355.0,0.57,323.62,0.6033670034790041
660.08,360.0,0.57,312.84,0.7388331781005859
660.08,365.0,0.57,284.64,0.6370275555419922
660.08,370.0,0.57,301.0,0.5823100851440429
660.08,375.0,0.57,297.95,0.5757488714599608
660.08,380.0,0.57,293.08,0.5678448977661132
660.08,385.0,0.57,308.3,0.5610700631713867
660.08,390.0,0.57,280.03,1.0000000000000003e-05
660.08,395.0,0.57,273.4,0.5438583212280274
660.08,400.0,0.57,276.97,0.5380447807312012
660.08,405.0,0.57,274.84,0.5293931338500978
660.08,410.0,0.57,282.67,0.5211229528808592
660.08,415.0,0.57,265.31,0.5137988073730468
660.08,420.0,0.57,265.83,0.5079089736938477
660.08,425.0,0.57,257.49,0.5137835487365723
660.08,430.0,0.57,263.31,0.5063525927734375
660.08,435.0,0.57,248.07,0.4989063781738281
660.08,440.0,0.57,213.92,0.5903513865661623
660.08,445.0,0.57,232.67,0.5580488531494141
660.08,450.0,0.57,240.57,0.4804892039489746
660.08,455.0,0.57,226.07,0.47202066070556636
660.08,460.0,0.57,235.76,0.46651229293823243
660.08,465.0,0.57,214.19,0.45963064788818364
660.08,470.0,0.57,209.61,0.44969727554321287
660.08,475.0,0.57,221.29,0.44518071914672847
660.08,480.0,0.57,195.87,0.43550674362182623
660.08,485.0,0.57,203.25,0.43173786041259765
660.08,490.0,0.57,186.45,0.4259395785522462
660.08,495.0,0.57,186.21,0.41890534713745115
660.08,500.0,0.57,178.71,0.40051869018554687
660.08,505.0,0.57,169.0,0.3941558387756348
660.08,510.0,0.57,180.0,0.3874572973632812
660.08,515.0,0.57,163.2,0.38211677459716786
660.08,520.0,0.57,160.28,0.3765626309204102
660.08,525.0,0.57,154.91,0.3686281399536133
660.08,530.0,0.57,147.87,0.36473718765258795
660.08,535.0,0.57,143.48,0.35997649307250973
660.08,540.0,0.57,141.0,0.35332372756958
660.08,545.0,0.57,138.4,0.34599958206176756
660.08,550.0,0.57,134.31,0.34031573997497555
660.08,555.0,0.57,124.92,0.33635612380981444
660.08,560.0,0.57,125.4,0.3322515505981446
660.08,565.0,0.57,130.1,0.32598025100708
660.08,570.0,0.57,115.45,0.3203040382385253
660.08,575.0,0.57,112.89,0.3148414463806152
660.08,580.0,0.57,107.38,0.3085396295166015
660.08,585.0,0.57,103.29,0.3033822103881836
660.08,590.0,0.57,100.5,0.29964384445190423
660.08,595.0,0.57,103.25,0.29312840667724605
660.08,600.0,0.57,87.72,0.2884287466430663
660.08,605.0,0.57,96.76,0.2847361566162109
660.08,610.0,0.57,81.65,0.2784419690704346
660.08,615.0,0.57,79.05,0.27386437812805176
660.08,620.0,0.57,76.1,0.2689739851379394
660.08,625.0,0.57,72.49,0.26334354827880857
660.08,630.0,0.57,65.81,0.2588269918823243
660.08,635.0,0.57,61.94,0.25318129638671877
660.08,640.0,0.57,59.96,0.24813068771362307
660.08,645.0,0.57,54.19,0.2433699931335449
660.08,650.0,0.57,52.8,0.23838041900634765
660.08,655.0,0.57,50.85,0.23434450965881345
660.08,660.0,0.57,47.47,0.2286835555267334
660.08,665.0,0.57,43.63,0.22363294685363766
660.08,670.0,0.57,39.6,0.21936815795898437
660.08,675.0,0.57,36.7,0.21376060905456543
660.08,680.0,0.57,34.49,0.20938138038635248
660.08,685.0,0.57,30.98,0.20552094535827634
660.08,690.0,0.57,28.56,0.20140874282836913
660.08,695.0,0.57,27.0,0.19767037689208983
660.08,700.0,0.57,23.15,0.19280287185668943
660.08,705.0,0.57,21.52,0.18987321365356447
660.08,710.0,0.57,18.77,0.18628743408203124
660.08,715.0,0.57,16.88,0.18217523155212403
660.08,720.0,0.57,15.55,0.17949734085083008
660.08,725.0,0.57,14.17,0.17617095809936523
660.08,730.0,0.57,11.99,0.17342440353393557
660.08,735.0,0.57,10.4,0.17063207305908207
660.08,740.0,0.57,10.0,0.16834327758789067
660.08,745.0,0.57,8.2,0.1659858182525635
660.08,750.0,0.57,7.04,0.1637351693725586
660.08,755.0,0.57,6.3,0.16220930572509767
660.08,760.0,0.57,5.56,0.16017990707397461
660.08,765.0,0.57,4.66,0.15873033660888675
660.08,770.0,0.57,4.05,0.15758593887329103
660.08,775.0,0.57,3.62,0.1563499893188477
660.08,780.0,0.57,3.29,0.1554039538574219
660.08,785.0,0.57,2.83,0.15430533203125002
660.08,790.0,0.57,2.28,0.15372550384521483
660.08,795.0,0.57,2.19,0.15287102020263676
660.08,800.0,0.57,1.74,0.15241326110839848
660.08,805.0,0.57,1.54,0.15192498474121097
660.08,810.0,0.57,1.33,0.15155877746582033
660.08,815.0,0.57,1.15,0.15107050109863285
660.08,820.0,0.57,1.0,0.1508263629150391
660.08,825.0,0.57,0.8,0.150948432006836
660.08,830.0,0.57,0.76,0.15058222473144534
660.08,835.0,0.57,0.69,0.1511315356445313
660.08,840.0,0.57,0.6,0.150948432006836
660.08,845.0,0.57,0.51,0.1511315356445313
660.08,850.0,0.57,0.45,0.15137567382812503
660.08,855.0,0.57,0.44,0.1518639501953125
660.08,860.0,0.57,0.36,0.1519860192871094
660.08,865.0,0.57,0.4,0.15235222656250003
660.08,870.0,0.57,0.27,0.1530846411132813
660.08,300.0,0.83,386.25,0.6206092626953126
660.08,305.0,0.83,313.6,0.6525608474731447
660.08,310.0,0.83,361.95,0.6110268389892579
660.08,315.0,0.83,362.91,0.6018411398315432
660.08,320.0,0.83,328.58,0.6297034100341796
660.08,325.0,0.83,333.69,1.0000000000000003e-05
660.08,330.0,0.83,351.86,0.5823100851440429
660.08,335.0,0.83,344.25,1.0000000000000003e-05
660.08,340.0,0.83,328.0,0.5705609350585938
660.08,345.0,0.83,276.53,0.5918009570312501
660.08,350.0,0.83,324.0,0.5558363508605959
660.08,360.0,0.83,329.55,0.5431564239501954
660.08,365.0,0.83,292.84,0.5629926513671876
660.08,370.0,0.83,299.26,0.572391971435547
660.08,375.0,0.83,296.56,0.5590864404296876
660.08,385.0,0.83,311.5,0.5101977691650392
660.08,390.0,0.83,252.74,0.5283097706604005
660.08,395.0,0.83,276.4,0.5162401892089843
660.08,400.0,0.83,276.21,0.5070544900512696
660.08,405.0,0.83,273.96,0.5004627590942383
660.08,410.0,0.83,287.21,0.49406939041137704
660.08,415.0,0.83,262.5,0.4907124903869629
660.08,420.0,0.83,276.09,0.48126739440917965
660.08,425.0,0.83,276.0,0.4751181639099121
660.08,430.0,0.83,257.83,0.46878582977294925
660.08,435.0,0.83,204.15,0.48599757171630864
660.08,440.0,0.83,249.75,0.45549555740356445
660.08,445.0,0.83,220.63,0.49925732681274415
660.08,450.0,0.83,226.47,0.44470770141601557
660.08,455.0,0.83,230.22,0.5113116496276855
660.08,460.0,0.83,214.33,0.4331111376953125
660.08,465.0,0.83,218.03,1.0000000000000003e-05
660.08,470.0,0.83,230.9,0.4218350053405762
660.08,475.0,0.83,232.72,0.41628086166381834
660.08,480.0,0.83,226.91,0.3967803242492676
660.08,485.0,0.83,198.96,0.39346920013427733
660.08,490.0,0.83,192.36,0.3865341498565673
660.08,495.0,0.83,188.75,0.3814453945922851
660.08,500.0,0.83,196.26,0.3775086663818359
660.08,505.0,0.83,189.34,0.37304551521301266
660.08,510.0,0.83,171.4,0.36688865539550786
660.08,515.0,0.83,167.8,0.36302822036743165
660.08,520.0,0.83,166.55,0.3584887760162354
660.08,525.0,0.83,180.48,0.35361364166259757
660.08,530.0,0.83,158.48,0.34882242980957034
660.08,535.0,0.83,174.46,0.3430088893127441
660.08,540.0,0.83,149.15,0.3381108670043945
660.08,545.0,0.83,164.12,0.33554741607666017
660.08,550.0,0.83,146.35,0.33019163467407225
660.08,555.0,0.83,140.5,0.32639223419189456
660.08,560.0,0.83,151.0,0.32010567596435535
660.08,565.0,0.83,131.56,0.3161689477539062
660.08,570.0,0.83,127.25,0.3124458404541015
660.08,575.0,0.83,123.16,0.3080132065582275
660.08,580.0,0.83,117.58,0.3032525119781494
660.08,585.0,0.83,129.76,0.29968962036132807
660.08,590.0,0.83,108.7,0.2949899603271484
660.08,595.0,0.83,105.66,0.29077857666015616
660.08,600.0,0.83,105.43,0.2870096934509277
660.08,605.0,0.83,102.4,0.28112748908996577
660.08,610.0,0.83,89.81,0.2774120111083984
660.08,615.0,0.83,95.49,0.2729107133483886
660.08,620.0,0.83,90.29,0.26927152854919434
660.08,625.0,0.83,80.98,0.2641980319213867
660.08,630.0,0.83,77.94,0.2603452262115479
660.08,635.0,0.83,74.36,0.2574079386901856
660.08,640.0,0.83,74.9,0.2526548734283448
660.08,645.0,0.83,65.26,0.24858844680786135
660.08,650.0,0.83,65.08,0.244422839050293
660.08,655.0,0.83,60.95,0.2399749465179443
660.08,660.0,0.83,57.63,0.23632813240051267
660.08,665.0,0.83,54.36,0.23204808486938477
660.08,670.0,0.83,51.61,0.22695170028686518
660.08,675.0,0.83,47.26,0.2237016107177734
660.08,680.0,0.83,44.23,0.2196122961425781
660.08,685.0,0.83,41.64,0.21517203292846682
660.08,690.0,0.83,38.44,0.21182276222229
660.08,695.0,0.83,35.78,0.20789366333007808
660.08,700.0,0.83,33.38,0.20462068580627438
660.08,705.0,0.83,31.09,0.20064581100463863
660.08,710.0,0.83,28.34,0.19748727325439452
660.08,715.0,0.83,27.15,0.19408459732055666
660.08,720.0,0.83,23.15,0.1907505852508545
660.08,725.0,0.83,22.72,0.18758441818237304
660.08,730.0,0.83,20.85,0.18505911384582516
660.08,735.0,0.83,18.12,0.1819616106414795
660.08,740.0,0.83,17.1,0.17948208221435547
660.08,745.0,0.83,18.2,0.1771627694702148
660.08,750.0,0.83,13.44,0.1746450944519043
660.08,755.0,0.83,12.39,0.17230289375305177
660.08,760.0,0.83,10.5,0.17028112442016607
660.08,765.0,0.83,9.89,0.16863319168090823
660.08,770.0,0.83,11.13,0.16689370712280277
660.08,775.0,0.83,8.42,0.16523051574707032
660.08,780.0,0.83,7.4,0.16364361755371098
660.08,785.0,0.83,5.95,0.16246870254516604
660.08,790.0,0.83,6.36,0.1609275802612305
660.08,795.0,0.83,6.45,0.15982895843505857
660.08,800.0,0.83,4.75,0.15892869888305666
660.08,805.0,0.83,5.03,0.15787585296630857
660.08,810.0,0.83,4.64,0.15711292114257813
660.08,815.0,0.83,3.5,0.1562584375
660.08,820.0,0.83,2.93,0.15543447113037112
660.08,825.0,0.83,3.5,0.15485464294433599
660.08,830.0,0.83,2.42,0.1544274011230469
660.08,835.0,0.83,2.02,0.15375602111816405
660.08,840.0,0.83,1.84,0.15335929656982422
660.08,845.0,0.83,3.01,0.15311515838623052
660.08,850.0,0.83,1.53,0.15271843383789066
660.08,855.0,0.83,1.8,0.15238274383544925
660.08,860.0,0.83,1.16,0.15210808837890627
660.08,865.0,0.83,1.25,0.15226067474365235
660.08,870.0,0.83,1.03,0.1518639501953125
660.08,875.0,0.83,0.93,0.1519860192871094
660.08,880.0,0.83,0.75,0.1518639501953125
660.08,885.0,0.83,0.71,0.15174188110351564
660.08,890.0,0.83,0.59,0.15174188110351564
660.08,895.0,0.83,0.54,0.15180291564941406
660.08,900.0,0.83,0.49,0.15210808837890627
660.08,150.0,1.07,537.08,0.7612328564453126
660.08,200.0,1.07,471.68,0.702151416015625
660.08,210.0,1.07,457.78,0.6903107141113283
660.08,220.0,1.07,463.34,0.6703829348754884
660.08,230.0,1.07,427.69,0.5681805877685546
660.08,240.0,1.07,345.0,1.0000000000000003e-05
660.08,245.0,1.07,422.0,0.7084379742431641
660.08,250.0,1.07,429.0,0.6344030700683594
660.08,255.0,1.07,344.5,1.0000000000000003e-05
660.08,260.0,1.07,411.21,0.6203956417846681
660.08,265.0,1.07,360.55,0.6511265356445313
660.08,270.0,1.07,414.31,0.6070595935058594
660.08,275.0,1.07,396.0,1.0000000000000003e-05
660.08,280.0,1.07,377.43,1.0000000000000003e-05
660.08,285.0,1.07,353.65,0.6217078845214845
660.08,290.0,1.07,378.29,0.5835307760620116
660.08,295.0,1.07,385.01,0.5788921505737304
660.08,300.0,1.07,376.12,0.571018694152832
660.08,305.0,1.07,365.0,0.6133766690063477
660.08,310.0,1.07,331.12,0.5878337115478516
660.08,315.0,1.07,367.54,0.5528303994750977
660.08,320.0,1.07,362.81,0.54532315032959
660.08,325.0,1.07,346.06,0.5845836219787597
660.08,330.0,1.07,343.58,0.5351914157104493
660.08,335.0,1.07,343.0,0.5277146838378908
660.08,340.0,1.07,315.5,0.5488936712646486
660.08,345.0,1.07,339.14,0.5167742414855958
660.08,350.0,1.07,346.01,0.5124865646362304
660.08,355.0,1.07,329.83,0.5053912986755371
660.08,360.0,1.07,311.85,0.46188892608642584
660.08,365.0,1.07,329.6,0.5130969100952149
660.08,370.0,1.07,323.97,0.5043994873046875
660.08,375.0,1.07,320.61,0.4999897413635254
660.08,380.0,1.07,319.18,0.4953358572387696
660.08,385.0,1.07,231.72,1.0000000000000003e-05
660.08,390.0,1.07,309.0,0.48138946350097656
660.08,395.0,1.07,281.46,0.5071918177795411
660.08,400.0,1.07,288.5,0.47095255615234377
660.08,405.0,1.07,275.15,0.5627103665924074
660.08,410.0,1.07,269.0,0.4612022874450684
660.08,415.0,1.07,286.21,0.45702142105102544
660.08,420.0,1.07,259.03,0.45046020736694337
660.08,425.0,1.07,274.5,0.4433496827697754
660.08,430.0,1.07,231.24,0.45763176651000986
660.08,435.0,1.07,269.27,0.43469803588867195
660.08,440.0,1.07,247.5,0.42996785858154296
660.08,445.0,1.07,216.81,0.44113718048095707
660.08,450.0,1.07,233.85,0.4181118980407715
660.08,455.0,1.07,235.44,1.0000000000000003e-05
660.08,460.0,1.07,232.42,0.40997141548156735
660.08,465.0,1.07,225.97,0.40397477134704585
660.08,470.0,1.07,217.0,0.38907471282958983
660.08,475.0,1.07,210.96,0.3835358277893066
660.08,480.0,1.07,203.4,0.3790650473022461
660.08,485.0,1.07,203.46,0.3763108634185791
660.08,490.0,1.07,197.08,0.3711152976989746
660.08,495.0,1.07,188.76,0.3679872772216797
660.08,500.0,1.07,191.06,0.36318080673217773
660.08,505.0,1.07,192.24,0.35893127647399903
660.08,510.0,1.07,180.0,0.3537509693908691
660.08,515.0,1.07,177.13,0.3513324755096435
660.08,520.0,1.07,171.6,0.3443592786407471
660.08,525.0,1.07,166.0,0.34134569793701175
660.08,530.0,1.07,163.41,0.33804983245849607
660.08,535.0,1.07,160.51,0.33420465606689453
660.08,540.0,1.07,154.75,0.32993223785400383
660.08,545.0,1.07,153.18,0.3256674489593505
660.08,550.0,1.07,149.0,0.32211981597900385
660.08,555.0,1.07,149.8,0.31795420822143555
660.08,560.0,1.07,140.6,0.31415480773925775
660.08,565.0,1.07,138.15,0.31042407112121584
660.08,570.0,1.07,131.5,0.3062355754089356
660.08,575.0,1.07,128.43,0.3020852262878418
660.08,580.0,1.07,124.59,0.29885039535522456
660.08,585.0,1.07,129.41,0.2953256503295898
660.08,590.0,1.07,116.69,0.2906717662048339
660.08,595.0,1.07,109.21,0.28748271118164054
660.08,600.0,1.07,108.5,0.28391981956481926
660.08,605.0,1.07,107.09,0.2803721865844726
660.08,610.0,1.07,101.95,0.27677877769470205
660.08,615.0,1.07,94.8,0.27307855834960937
660.08,620.0,1.07,93.8,0.2698666153717041
660.08,625.0,1.07,89.24,0.26567811965942384
660.08,630.0,1.07,84.0,0.26208471076965334
660.08,635.0,1.07,81.0,0.2582929396057129
660.08,640.0,1.07,78.6,0.25517254844665527
660.08,645.0,1.07,75.72,0.2507246559143066
660.08,650.0,1.07,72.43,0.2474440490722656
660.08,655.0,1.07,70.48,0.24343102767944336
660.08,660.0,1.07,66.01,0.23986813606262203
660.08,665.0,1.07,62.63,0.23735046104431148
660.08,670.0,1.07,59.48,0.23378756942749018
660.08,675.0,1.07,58.05,0.23035437622070312
660.08,680.0,1.07,54.95,0.22575389732360837
660.08,685.0,1.07,51.34,0.22301497207641602
660.08,690.0,1.07,49.0,0.21931475273132325
660.08,695.0,1.07,44.9,0.21591970611572264
660.08,700.0,1.07,42.46,0.21294427200317384
660.08,705.0,1.07,38.92,0.20959500129699704
660.08,710.0,1.07,37.0,0.20628387718200678
660.08,715.0,1.07,35.55,0.20284305465698238
660.08,720.0,1.07,32.52,0.20032537963867186
660.08,725.0,1.07,31.08,0.19753304916381836
660.08,730.0,1.07,28.9,0.19443554595947266
660.08,735.0,1.07,26.84,0.19173476730346684
660.08,740.0,1.07,24.17,0.18908739387512208
660.08,745.0,1.07,23.1,0.18695118476867675
660.08,750.0,1.07,20.75,0.18436484588623048
660.08,755.0,1.07,18.7,0.1818319122314453
660.08,760.0,1.07,17.78,0.1797033324432373
660.08,765.0,1.07,16.67,0.17788755470275877
660.08,770.0,1.07,14.83,0.1757818628692627
660.08,775.0,1.07,13.41,0.17401949035644532
660.08,780.0,1.07,12.27,0.17278354080200198
660.08,785.0,1.07,11.27,0.17081517669677737
660.08,790.0,1.07,10.2,0.1692435371398926
660.08,795.0,1.07,14.35,0.16803047554016118
660.08,800.0,1.07,8.74,0.16685556053161624
660.08,805.0,1.07,8.03,0.16574168006896975
660.08,810.0,1.07,7.45,0.1643684027862549
660.08,815.0,1.07,6.33,0.16327741027832032
660.08,820.0,1.07,6.17,0.16267469413757327
660.08,825.0,1.07,5.13,0.16162947753906248
660.08,830.0,1.07,5.04,0.16101913208007812
660.08,835.0,1.07,4.33,0.16028671752929688
660.08,840.0,1.07,4.02,0.1595237857055664
660.08,845.0,1.07,4.04,0.1589592161560059
660.08,850.0,1.07,3.5,0.15842516387939454
660.08,855.0,1.07,2.9,0.15795214614868164
660.08,860.0,1.07,2.98,0.1574486111450195
660.08,865.0,1.07,2.45,0.15715869705200197
660.08,870.0,1.07,2.24,0.1568993002319336
660.08,875.0,1.07,2.6,0.15668567932128907
660.08,880.0,1.07,1.93,0.156533092956543
660.08,885.0,1.07,1.84,0.15613636840820314
660.08,890.0,1.07,1.68,0.15601429931640626
660.08,895.0,1.07,1.42,0.15589223022460938
660.08,900.0,1.07,1.39,0.15570912658691405
660.08,905.0,1.07,1.19,0.15573964385986327
660.08,910.0,1.07,1.21,0.1555870574951172
660.08,915.0,1.07,1.09,0.15546498840332032
660.08,920.0,1.07,0.88,0.1555870574951172
660.08,925.0,1.07,0.84,0.1555870574951172
660.08,930.0,1.07,0.8,0.1554039538574219
660.08,935.0,1.07,0.74,0.15528188476562502
660.08,200.0,1.15,469.03,0.674502766723633
660.08,205.0,1.15,436.75,0.71914953704834
660.08,210.0,1.15,473.8,0.6675448284912111
660.08,215.0,1.15,408.8,0.702853313293457
660.08,220.0,1.15,433.71,0.7664207928466797
660.08,240.0,1.15,440.19,0.7838461557006836
660.08,250.0,1.15,431.17,0.7628807891845704
660.08,255.0,1.15,276.0,1.0000000000000003e-05
660.08,260.0,1.15,395.84,1.0000000000000003e-05
660.08,265.0,1.15,275.85,1.0000000000000003e-05
660.08,270.0,1.15,376.33,0.622470816345215
660.08,275.0,1.15,407.12,0.7138090142822267
660.08,280.0,1.15,373.63,0.7077055596923829
660.08,285.0,1.15,372.0,0.6774171662902833
660.08,290.0,1.15,404.5,0.5655866195678713
660.08,295.0,1.15,398.0,0.5576521286010744
660.08,300.0,1.15,381.82,0.554814022216797
660.08,305.0,1.15,375.15,0.6604190452575684
660.08,310.0,1.15,327.0,0.5696911927795412
660.08,315.0,1.15,366.36,0.5354050366210938
660.08,320.0,1.15,335.0,0.5569807485961916
660.08,325.0,1.15,375.45,0.5233507138061523
660.08,330.0,1.15,363.31,0.518605277862549
660.08,335.0,1.15,357.26,0.5111285459899901
660.08,340.0,1.15,356.5,0.5087024227905274
660.08,345.0,1.15,328.54,0.5408828871154787
660.08,350.0,1.15,345.63,0.5150500155639649
660.08,355.0,1.15,256.2,1.0000000000000003e-05
660.08,360.0,1.15,332.34,0.5036975900268555
660.08,365.0,1.15,320.04,0.49945568908691407
660.08,370.0,1.15,312.12,0.49216206085205083
660.08,375.0,1.15,280.11,0.507542766418457
660.08,380.0,1.15,318.91,0.4809622216796875
660.08,385.0,1.15,276.75,0.4955952540588379
660.08,390.0,1.15,222.12,1.0000000000000003e-05
660.08,395.0,1.15,279.77,0.4183712948608398
660.08,400.0,1.15,278.0,0.45808952560424815
660.08,405.0,1.15,276.78,0.512196650543213
660.08,410.0,1.15,281.04,0.5057346179962158
660.08,415.0,1.15,261.38,0.4032805033874512
660.08,420.0,1.15,282.91,0.43970286865234376
660.08,425.0,1.15,271.83,0.43198199859619146
660.08,430.0,1.15,258.69,1.0000000000000003e-05
660.08,435.0,1.15,247.94,0.4487512400817871
660.08,440.0,1.15,254.62,0.41909608009338384
660.08,445.0,1.15,261.2,0.41473973937988284
660.08,450.0,1.15,242.24,0.40726300750732425
660.08,455.0,1.15,232.11,0.4047377031707763
660.08,460.0,1.15,244.5,0.39987782745361333
660.08,465.0,1.15,222.0,0.38637393417358395
660.08,470.0,1.15,236.03,0.38196418823242184
660.08,475.0,1.15,211.13,0.37632612205505367
660.08,480.0,1.15,208.46,0.37224443679809577
660.08,485.0,1.15,222.9,0.3674150783538819
660.08,490.0,1.15,198.3,0.3642183940124512
660.08,495.0,1.15,213.64,0.36081571807861323
660.08,500.0,1.15,192.3,0.3566195930480957
660.08,505.0,1.15,195.0,0.35240820938110345
660.08,510.0,1.15,182.92,0.348288377532959
660.08,515.0,1.15,176.99,0.3450688052368164
660.08,520.0,1.15,184.7,0.3391026783752441
660.08,525.0,1.15,178.04,0.33626457199096677
660.08,530.0,1.15,165.0,0.33181667945861815
660.08,535.0,1.15,179.43,0.3286276244354247
660.08,540.0,1.15,158.54,0.3254767160034179
660.08,545.0,1.15,149.5,0.3208838664245605
660.08,550.0,1.15,149.31,0.3163596807098388
660.08,555.0,1.15,159.94,0.31288071159362785
660.08,560.0,1.15,141.25,0.3096916565704346
660.08,565.0,1.15,136.37,0.30651786018371585
660.08,570.0,1.15,131.88,0.30212337287902835
660.08,575.0,1.15,126.6,0.2980569462585449
660.08,580.0,1.15,133.0,0.29522646919250484
660.08,585.0,1.15,121.76,0.29156439643859855
660.08,590.0,1.15,118.12,0.28852029846191396
660.08,595.0,1.15,111.78,0.2838740436553955
660.08,600.0,1.15,109.77,0.2801967122650145
660.08,605.0,1.15,106.81,0.2775951147460937
660.08,610.0,1.15,102.47,0.27446709426879884
660.08,615.0,1.15,99.02,0.2703625210571289
660.08,620.0,1.15,95.96,0.266959845123291
660.08,625.0,1.15,90.29,0.2633473629379272
660.08,630.0,1.15,87.5,0.2594831132507324
660.08,635.0,1.15,86.32,0.25653819641113285
660.08,640.0,1.15,80.94,0.2535017277526856
660.08,645.0,1.15,79.02,0.24965655136108394
660.08,650.0,1.15,75.85,0.24652090156555176
660.08,655.0,1.15,71.33,0.24327844131469728
660.08,660.0,1.15,67.55,0.23947522617340083
660.08,665.0,1.15,65.62,0.23563386444091794
660.08,670.0,1.15,62.73,0.23278049942016604
660.08,675.0,1.15,58.58,0.22976691871643065
660.08,680.0,1.15,56.51,0.22599040618896482
660.08,685.0,1.15,52.84,0.22281660980224605
660.08,690.0,1.15,50.42,0.2196771453475952
660.08,695.0,1.15,47.73,0.21592733543395995
660.08,700.0,1.15,44.27,0.2129061254119873
660.08,705.0,1.15,42.7,0.2093584924316406
660.08,710.0,1.15,39.26,0.20693236923217767
660.08,715.0,1.15,37.79,0.20411715080261228
660.08,720.0,1.15,34.27,0.2008975785064697
660.08,725.0,1.15,32.68,0.1982883516693115
660.08,730.0,1.15,29.75,0.19563334892272952
660.08,735.0,1.15,28.74,0.19304701004028318
660.08,740.0,1.15,27.02,0.1903996366119385
660.08,745.0,1.15,26.04,0.1878514443206787
660.08,750.0,1.15,23.03,0.18572286453247067
660.08,755.0,1.15,21.56,0.18338066383361815
660.08,760.0,1.15,19.56,0.1811910494995117
660.08,765.0,1.15,16.85,0.17916165084838864
660.08,770.0,1.15,16.38,0.17718565742492673
660.08,775.0,1.15,14.98,0.1753012158203125
660.08,780.0,1.15,13.77,0.17347780876159669
660.08,785.0,1.15,12.98,0.1723257817077637
660.08,790.0,1.15,11.62,0.17057866783142092
660.08,795.0,1.15,12.96,0.16919776123046876
660.08,800.0,1.15,10.0,0.16772530281066897
660.08,805.0,1.15,11.52,0.1667563793945313
660.08,810.0,1.15,8.0,0.16542887802124023
660.08,815.0,1.15,7.4,0.1643760321044922
660.08,820.0,1.15,6.67,0.16368939346313482
660.08,825.0,1.15,5.94,0.16251447845458983
660.08,830.0,1.15,5.9,0.16185835708618163
660.08,835.0,1.15,4.87,0.1610038734436035
660.08,840.0,1.15,4.5,0.16053085571289064
660.08,845.0,1.15,5.29,0.15972214797973633
660.08,850.0,1.15,4.2,0.15926438888549804
660.08,855.0,1.15,3.54,0.15876085388183597
660.08,860.0,1.15,3.57,0.15821154296875
660.08,865.0,1.15,3.02,0.1578300770568848
660.08,870.0,1.15,2.88,0.1574486111450195
660.08,875.0,1.15,2.66,0.15732654205322266
660.08,880.0,1.15,2.35,0.1570061106872559
660.08,885.0,1.15,2.06,0.1567161965942383
660.08,890.0,1.15,2.75,0.156533092956543
660.08,895.0,1.15,1.84,0.1564110238647461
660.08,900.0,1.15,1.66,0.1562584375
660.08,905.0,1.15,1.55,0.15610585113525394
660.08,910.0,1.15,1.47,0.15613636840820314
660.08,915.0,1.15,1.36,0.15616688568115233
660.08,920.0,1.15,1.28,0.15601429931640626
660.08,925.0,1.15,1.09,0.1563499893188477
660.08,930.0,1.15,0.98,0.1560753338623047
660.08,935.0,1.15,0.94,0.15613636840820314
660.08,940.0,1.15,1.08,0.1562584375
660.08,945.0,1.15,1.11,0.1562584375
660.08,950.0,1.15,0.71,0.1560753338623047
660.08,955.0,1.15,0.65,0.1560753338623047
660.08,960.0,1.15,0.61,0.15619740295410156
660.08,965.0,1.15,0.94,0.15662464477539065
660.08,970.0,1.15,0.62,0.1568687829589844
660.08,975.0,1.15,0.49,0.15662464477539065
660.08,980.0,1.15,0.46,0.1570518865966797
660.08,985.0,1.15,0.61,0.15699085205078128
660.08,990.0,1.15,0.41,0.15711292114257813
660.08,995.0,1.15,0.33,0.157234990234375
660.08,1000.0,1.15,0.32,0.157234990234375
660.08,1010.0,1.15,0.32,0.15796740478515625
660.08,1020.0,1.15,0.33,0.15833361206054689
660.08,1030.0,1.15,0.25,0.15906602661132813
660.08,1040.0,1.15,0.18,0.15943223388671873
660.08,1050.0,1.15,0.16,0.15943223388671873
660.08,1060.0,1.15,0.15,0.161141201171875
660.08,1070.0,1.15,0.15,0.1626060302734375
660.08,1080.0,1.15,0.13,0.16285016845703126
660.08,1090.0,1.15,0.12,0.16553568847656253
660.08,1100.0,1.15,0.1,0.16651224121093755
660.08,1110.0,1.15,0.08,0.16748879394531252
660.08,1120.0,1.15,0.11,0.1682212084960938
660.08,1140.0,1.15,0.07,0.1733481103515625
660.08,1150.0,1.15,0.06,0.17383638671875
660.08,1160.0,1.15,0.06,0.1782308740234375
660.08,1170.0,1.15,0.06,0.180672255859375
660.08,1180.0,1.15,0.06,0.18311363769531247
660.08,1190.0,1.15,0.05,0.18311363769531247
660.08,1200.0,1.15,0.04,0.18555501953124998
660.08,1210.0,1.15,0.04,0.187508125
660.08,1220.0,1.15,0.06,0.18994950683593753
660.08,1230.0,1.15,0.05,0.18946123046875002
660.08,1240.0,1.15,0.05,0.19190261230468753
660.08,1250.0,1.15,0.04,0.194343994140625
660.08,1260.0,1.15,0.05,0.196297099609375
660.08,1270.0,1.15,0.04,0.198250205078125
660.08,1280.0,1.15,0.05,0.19727365234375
660.08,1290.0,1.15,0.04,0.1997150341796875
660.08,1300.0,1.15,0.02,0.2016681396484375
660.08,1310.0,1.15,0.02,0.2036212451171875
660.08,1320.0,1.15,0.03,0.20557435058593748
660.08,1330.0,1.15,0.03,0.20752745605468748
660.08,1340.0,1.15,0.05,0.20606262695312497
660.08,370.0,1.32,331.88,0.48161834304809575
660.08,410.0,1.32,291.32,0.4404505418395996
660.08,425.0,1.32,260.0,0.42558100059509274
660.08,500.0,1.32,191.0,0.355650669631958
660.08,525.0,1.32,192.89,0.33566948516845707
660.08,535.0,1.32,179.63,0.3292379698944091
660.08,550.0,1.32,153.75,0.3185264070892333
660.08,560.0,1.32,143.56,0.3114158824920653
660.08,570.0,1.32,149.97,0.30361108993530267
660.08,575.0,1.32,147.64,0.30030759513854977
660.08,580.0,1.32,136.62,0.2964090135192871
660.08,585.0,1.32,128.92,0.29473056350708
660.08,590.0,1.32,129.94,0.29070991279602043
660.08,595.0,1.32,127.28,0.2879328409576415
660.08,600.0,1.32,116.0,0.28394270751953116
660.08,610.0,1.32,110.38,0.2765422688293457
660.08,615.0,1.32,106.47,0.27324640335083
660.08,620.0,1.32,98.67,0.2704006676483154
660.08,625.0,1.32,99.5,0.26718109535217294
660.08,630.0,1.32,91.75,0.26380130737304686
660.08,635.0,1.32,97.64,0.2606427696228027
660.08,640.0,1.32,85.45,0.25677470527648927
660.08,645.0,1.32,98.41,0.25403578002929694
660.08,650.0,1.32,95.0,0.2506788800048828
660.08,655.0,1.32,90.84,0.24754704486846923
660.08,660.0,1.32,73.83,0.24370568313598634
660.08,665.0,1.32,69.4,0.241043051071167
660.08,670.0,1.32,67.24,0.23746490081787108
660.08,675.0,1.32,66.2,0.23464205307006836
660.08,680.0,1.32,62.96,0.23139959281921388
660.08,685.0,1.32,72.35,0.22886665916442875
660.08,690.0,1.32,55.73,0.22478497390747065
660.08,695.0,1.32,55.69,0.22216048843383784
660.08,700.0,1.32,51.26,0.21845263977050777
660.08,705.0,1.32,61.29,0.21597692600250246
660.08,710.0,1.32,58.86,0.21313500495910645
660.08,715.0,1.32,48.63,0.2098543981170654
660.08,720.0,1.32,43.63,0.20723372730255124
660.08,725.0,1.32,37.07,0.20477327217102045
660.08,730.0,1.32,34.22,0.20191227783203125
660.08,735.0,1.32,32.28,0.19889106781005855
660.08,740.0,1.32,30.54,0.19657175506591795
660.08,745.0,1.32,39.21,0.1941303732299805
660.08,750.0,1.32,28.0,0.19209334526062014
660.08,755.0,1.32,34.6,0.1894459718322754
660.08,760.0,1.32,24.25,0.1873173920440674
660.08,765.0,1.32,22.94,0.18556264884948728
660.08,770.0,1.32,19.95,0.1833119999694824
660.08,775.0,1.32,19.09,0.18123682540893554
660.08,780.0,1.32,17.15,0.17972622039794922
660.08,785.0,1.32,15.77,0.17796384788513184
660.08,790.0,1.32,20.46,0.17610992355346683
660.08,795.0,1.32,19.85,0.17474427558898928
660.08,800.0,1.32,15.96,0.17312686012268066
660.08,810.0,1.32,13.53,0.17035741760253909
660.08,815.0,1.32,12.63,0.16899176963806153
660.08,820.0,1.32,8.98,0.16779396667480473
660.08,830.0,1.32,9.39,0.16553568847656253
660.08,840.0,1.32,10.14,0.16368939346313482
660.08,845.0,1.32,8.05,0.16304853073120118
660.08,850.0,1.32,6.06,0.1623161161804199
660.08,855.0,1.32,8.25,0.1616599948120117
660.08,860.0,1.32,4.79,0.1607597352600098
660.08,865.0,1.32,6.95,0.16013413116455077
660.08,870.0,1.32,4.11,0.15961533752441404
660.08,880.0,1.32,3.42,0.1587913711547852
660.08,885.0,1.32,4.99,0.15833361206054689
660.08,890.0,1.32,2.9,0.15810473251342771
660.08,895.0,1.32,2.63,0.15781481842041017
660.08,900.0,1.32,2.98,0.15767749069213866
660.08,905.0,1.32,2.24,0.15738757659912112
660.08,910.0,1.32,2.54,0.15717395568847659
660.08,915.0,1.32,2.69,0.1572044729614258
660.08,920.0,1.32,2.07,0.1570824038696289
660.08,925.0,1.32,2.48,0.15680774841308598
660.08,930.0,1.32,1.78,0.1570213693237305
660.08,935.0,1.32,1.72,0.15692981750488283
660.08,940.0,1.32,2.07,0.1568993002319336
660.08,945.0,1.32,1.36,0.1570824038696289
660.08,950.0,1.32,1.32,0.15714343841552736
660.08,955.0,1.32,1.61,0.1570824038696289
660.08,960.0,1.32,1.01,0.15711292114257813
660.08,975.0,1.32,1.02,0.1574180938720703
660.08,980.0,1.32,0.75,0.1577232666015625
660.08,985.0,1.32,1.08,0.15793688751220702
660.08,990.0,1.32,1.05,0.15808947387695313
660.08,995.0,1.32,0.75,0.15808947387695313
660.08,1000.0,1.32,0.59,0.15833361206054689
660.08,1010.0,1.32,0.51,0.15808947387695313
660.08,1020.0,1.32,0.61,0.15906602661132813
660.08,1030.0,1.32,0.44,0.15931016479492188
660.08,1040.0,1.32,0.34,0.1596763720703125
660.08,1060.0,1.32,0.26,0.16040878662109376
660.08,1070.0,1.32,0.34,0.16101913208007812
660.08,1080.0,1.32,0.21,0.16211775390625
660.08,1090.0,1.32,0.24,0.161141201171875
660.08,1100.0,1.32,0.19,0.1626060302734375
660.08,1110.0,1.32,0.16,0.16407085937500002
660.08,1120.0,1.32,0.17,0.16553568847656253
660.08,1170.0,1.32,0.12,0.1733481103515625
660.08,1190.0,1.32,0.09,0.17627776855468752
660.08,1230.0,1.32,0.09,0.18335777587890623
660.08,1240.0,1.32,0.08,0.18360191406249998
660.08,1280.0,1.32,0.04,0.18946123046875002
660.08,1290.0,1.32,0.07,0.1914143359375
660.08,1300.0,1.32,0.06,0.19336744140625
660.08,1320.0,1.32,0.06,0.1948322705078125
660.08,1330.0,1.32,0.05,0.19678537597656248
660.08,1340.0,1.32,0.04,0.19873848144531248
660.08,250.0,1.57,448.32,0.5506026385498048
660.08,280.0,1.57,408.66,0.5269212347412109
660.08,300.0,1.57,397.41,0.5083056982421875
660.08,310.0,1.57,388.21,0.5186205364990235
660.08,375.0,1.57,317.53,0.4567009896850587
660.08,400.0,1.57,287.2,0.4351405363464356
660.08,410.0,1.57,302.0,0.4272518212890626
660.08,450.0,1.57,256.11,0.39383540740966794
660.08,500.0,1.57,212.75,0.35194282096862783
660.08,505.0,1.57,210.34,0.3478077304840088
660.08,510.0,1.57,193.65,0.34430587341308594
660.08,515.0,1.57,197.92,0.3423527679443359
660.08,530.0,1.57,189.25,0.3315801705932617
660.08,535.0,1.57,190.57,0.3270254676055908
660.08,540.0,1.57,187.03,0.3244086114501953
660.08,550.0,1.57,170.06,0.31699291412353514
660.08,560.0,1.57,164.1,0.3111259683990478
660.08,570.0,1.57,142.3,0.3046181599426269
660.08,575.0,1.57,141.5,0.30063565582275387
660.08,585.0,1.57,135.5,0.2947153048706054
660.08,590.0,1.57,148.18,0.2918810131454466
660.08,600.0,1.57,130.89,0.2855372350311278
660.08,605.0,1.57,137.51,0.2817340198898315
660.08,610.0,1.57,131.16,0.27932696998596185
660.08,615.0,1.57,120.5,0.2756114920043945
660.08,620.0,1.57,113.02,0.27194178993225093
660.08,625.0,1.57,112.68,0.27000394309997555
660.08,630.0,1.57,99.38,0.2664563101196289
660.08,635.0,1.57,106.97,0.26390811782836915
660.08,640.0,1.57,109.87,0.26022315711975097
660.08,645.0,1.57,97.51,0.25727061096191406
660.08,650.0,1.57,88.23,0.25482159980773933
660.08,655.0,1.57,82.0,0.25218948501586913
660.08,660.0,1.57,89.13,0.24830616203308106
660.08,665.0,1.57,82.96,0.24531165462493898
660.08,670.0,1.57,75.13,0.24282831153869625
660.08,675.0,1.57,71.0,0.2394332649230957
660.08,680.0,1.57,70.71,0.2375030474090576
660.08,685.0,1.57,67.64,0.23386386260986325
660.08,690.0,1.57,70.12,0.23110967872619628
660.08,695.0,1.57,61.59,0.2280350634765625
660.08,700.0,1.57,59.25,0.22595988891601562
660.08,705.0,1.57,68.64,0.22312178253173826
660.08,710.0,1.57,60.89,0.21933764068603517
660.08,715.0,1.57,54.11,0.21666737930297852
660.08,720.0,1.57,49.0,0.2140123765563965
660.08,725.0,1.57,44.2,0.21125056335449216
660.08,730.0,1.57,44.21,0.20867948310852044
660.08,735.0,1.57,39.21,0.20662338184356688
660.08,740.0,1.57,38.93,0.20372042625427247
660.08,745.0,1.57,36.84,0.20145451873779296
660.08,750.0,1.57,34.82,0.19938697349548337
660.08,755.0,1.57,32.83,0.19689218643188477
660.08,760.0,1.57,30.9,0.19476360664367673
660.08,765.0,1.57,28.75,0.1927723545837402
660.08,770.0,1.57,28.2,0.19046830047607421
660.08,775.0,1.57,32.01,0.18837405261993406
660.08,780.0,1.57,22.45,0.18660023612976076
660.08,785.0,1.57,20.64,0.18465475997924802
660.08,790.0,1.57,28.19,0.1828618701934814
660.08,795.0,1.57,24.46,0.18122919609069824
660.08,800.0,1.57,18.8,0.17946682357788085
660.08,805.0,1.57,16.49,0.17829190856933597
660.08,810.0,1.57,18.48,0.1767889328765869
660.08,815.0,1.57,17.69,0.17515625877380372
660.08,820.0,1.57,14.62,0.17372957626342772
660.08,825.0,1.57,15.69,0.1726309544372559
660.08,830.0,1.57,14.28,0.1711966426086426
660.08,835.0,1.57,13.8,0.1700064689636231
660.08,840.0,1.57,12.5,0.16902228691101076
660.08,845.0,1.57,12.6,0.1679389237213135
660.08,850.0,1.57,10.86,0.16690896575927738
660.08,855.0,1.57,8.19,0.16590189575195316
660.08,860.0,1.57,7.83,0.165047412109375
660.08,865.0,1.57,8.56,0.16423870437622073
660.08,870.0,1.57,8.04,0.163368962097168
660.08,875.0,1.57,7.35,0.16281965118408204
660.08,880.0,1.57,8.51,0.16204146072387693
660.08,885.0,1.57,5.05,0.16149214981079102
660.08,890.0,1.57,6.5,0.1610954252624512
660.08,895.0,1.57,5.55,0.16043930389404298
660.08,900.0,1.57,4.14,0.16002732070922854
660.08,915.0,1.57,4.44,0.1590049920654297
660.08,920.0,1.57,4.02,0.15862352615356445
660.08,925.0,1.57,4.45,0.1583946466064453
660.08,935.0,1.57,3.02,0.15796740478515625
660.08,940.0,1.57,3.62,0.15778430114746095
660.08,950.0,1.57,3.21,0.15781481842041017
660.08,955.0,1.57,2.97,0.15766223205566404
660.08,960.0,1.57,2.05,0.15769274932861327
660.08,970.0,1.57,1.62,0.15784533569335937
660.08,975.0,1.57,1.96,0.15784533569335937
660.08,980.0,1.57,1.4,0.15793688751220702
660.08,985.0,1.57,1.24,0.15811999114990233
660.08,995.0,1.57,1.66,0.15815050842285155
660.08,1000.0,1.57,1.1,0.15827257751464846
660.08,1010.0,1.57,0.95,0.1588524057006836
660.08,1020.0,1.57,1.08,0.15888292297363282
660.08,1040.0,1.57,0.68,0.1598594757080078
660.08,1050.0,1.57,0.62,0.16004257934570312
660.08,1060.0,1.57,0.54,0.16022568298339845
660.08,1080.0,1.57,0.49,0.1609580975341797
660.08,1100.0,1.57,0.33,0.16199568481445312
660.08,1120.0,1.57,0.26,0.16272809936523439
660.08,1130.0,1.57,0.26,0.16297223754882814
660.08,1140.0,1.57,0.21,0.1638267211914063
660.08,1150.0,1.57,0.19,0.16443706665039062
660.08,1160.0,1.57,0.18,0.16492534301757814
660.08,1170.0,1.57,0.23,0.16614603393554692
660.08,1180.0,1.57,0.15,0.16724465576171876
660.08,1190.0,1.57,0.16,0.16834327758789067
660.08,1200.0,1.57,0.17,0.17041845214843754
660.08,1210.0,1.57,0.15,0.1713950048828125
660.08,1220.0,1.57,0.13,0.1733481103515625
660.08,1230.0,1.57,0.12,0.17408052490234377
660.08,1240.0,1.57,0.12,0.17627776855468752
660.08,1250.0,1.57,0.13,0.176766044921875
660.08,1260.0,1.57,0.11,0.178719150390625
660.08,1270.0,1.57,0.11,0.17920742675781248
660.08,1290.0,1.57,0.1,0.18311363769531247
660.08,1300.0,1.57,0.06,0.18335777587890623
660.08,1310.0,1.57,0.1,0.18506674316406246
660.08,1320.0,1.57,0.1,0.1870198486328125
660.08,1330.0,1.57,0.09,0.1870198486328125
660.08,1340.0,1.57,0.07,0.1870198486328125
660.08,50.0,2.07,610.28,0.8718274536132812
660.08,55.0,2.07,608.25,0.8325212060546874
660.08,85.0,2.07,586.5,0.6970245141601563
660.08,125.0,2.07,555.44,0.5758099060058592
660.08,200.0,2.07,464.0,0.5522810885620117
660.08,205.0,2.07,476.0,0.6820710504150393
660.08,210.0,2.07,439.81,0.592350267944336
660.08,215.0,2.07,423.44,0.5872691419982912
660.08,220.0,2.07,434.0,0.5820964642333983
660.08,225.0,2.07,327.0,1.0000000000000003e-05
660.08,230.0,2.07,439.5,0.5315598602294922
660.08,235.0,2.07,373.97,1.0000000000000003e-05
660.08,240.0,2.07,444.97,0.5209093319702148
660.08,250.0,2.07,435.07,0.5177660528564454
660.08,255.0,2.07,395.0,0.5463607376098634
660.08,260.0,2.07,415.8,0.5054370745849608
660.08,265.0,2.07,348.5,1.0000000000000003e-05
660.08,270.0,2.07,413.99,0.5003864659118653
660.08,275.0,2.07,375.7,0.5891154370117189
660.08,280.0,2.07,418.76,0.5134326000976561
660.08,285.0,2.07,353.09,0.5164232928466796
660.08,290.0,2.07,352.25,0.5115557878112793
660.08,295.0,2.07,399.76,0.5005085350036622
660.08,300.0,2.07,390.25,0.4953663745117188
660.08,305.0,2.07,382.91,0.489735937652588
660.08,310.0,2.07,378.05,0.48494472579956055
660.08,315.0,2.07,348.0,0.5037891418457032
660.08,320.0,2.07,382.41,0.47672032073974613
660.08,325.0,2.07,363.75,0.4725547129821777
660.08,330.0,2.07,355.01,0.4692283302307129
660.08,335.0,2.07,360.93,0.4662376374816895
660.08,340.0,2.07,366.02,0.46019521743774416
660.08,345.0,2.07,354.89,0.4561516787719727
660.08,350.0,2.07,337.49,0.4526345630645753
660.08,355.0,2.07,313.58,0.4663520772552491
660.08,360.0,2.07,334.7,0.44385321777343745
660.08,365.0,2.07,330.0,0.4408396370697021
660.08,370.0,2.07,326.9,0.4936879244995118
660.08,375.0,2.07,323.65,0.4340419145202637
660.08,380.0,2.07,331.56,0.4288234608459473
660.08,385.0,2.07,325.99,0.425710699005127
660.08,390.0,2.07,301.02,0.421606125793457
660.08,395.0,2.07,308.0,0.4698234170532227
660.08,400.0,2.07,291.09,0.4152814209747314
660.08,405.0,2.07,288.77,0.41061990753173827
660.08,410.0,2.07,286.96,0.4077665425109864
660.08,415.0,2.07,289.0,0.40323472747802735
660.08,420.0,2.07,298.04,0.4005797247314453
660.08,425.0,2.07,280.0,0.3966277378845215
660.08,430.0,2.07,287.7,0.3931029928588867
660.08,435.0,2.07,280.94,0.3899139378356934
660.08,440.0,2.07,259.0,0.3980391617584229
660.08,445.0,2.07,275.4,0.38266608551025383
660.08,450.0,2.07,248.64,0.3798356084442138
660.08,455.0,2.07,254.58,0.37694409683227537
660.08,460.0,2.07,242.0,0.374006809310913
660.08,465.0,2.07,239.0,0.37037525382995606
660.08,470.0,2.07,244.0,0.3675142594909668
660.08,475.0,2.07,236.54,0.36451593742370614
660.08,480.0,2.07,235.19,0.36144132217407227
660.08,485.0,2.07,219.0,0.35835144828796384
660.08,490.0,2.07,224.3,0.3554141607666015
660.08,495.0,2.07,221.0,0.35216407119750975
660.08,500.0,2.07,209.93,0.34705242797851554
660.08,505.0,2.07,225.43,0.3455418229675293
660.08,510.0,2.07,203.78,0.3421772936248779
660.08,515.0,2.07,197.91,0.33877461769104
660.08,520.0,2.07,196.68,0.3370503917694092
660.08,525.0,2.07,201.0,0.3335485346984864
660.08,530.0,2.07,184.8,0.331686981048584
660.08,535.0,2.07,179.05,0.3280859428405762
660.08,540.0,2.07,189.31,0.3260946907806396
660.08,545.0,2.07,172.0,0.32224188507080076
660.08,550.0,2.07,171.72,0.3201514518737792
660.08,555.0,2.07,169.9,0.31650463775634763
660.08,560.0,2.07,164.49,0.3142539888763427
660.08,565.0,2.07,159.26,0.3103859245300293
660.08,570.0,2.07,156.24,0.3080132065582275
660.08,575.0,2.07,154.62,0.30557182472229005
660.08,580.0,2.07,150.0,0.3030617790222168
660.08,585.0,2.07,152.42,0.29899916706085206
660.08,590.0,2.07,140.0,0.29637086692810055
660.08,595.0,2.07,139.06,0.293677717590332
660.08,600.0,2.07,137.21,0.29181616394042953
660.08,605.0,2.07,132.0,0.2895273684692382
660.08,610.0,2.07,136.52,0.28519391571044916
660.08,615.0,2.07,127.06,0.2836489787673949
660.08,620.0,2.07,121.7,0.280608695449829
660.08,625.0,2.07,133.5,0.2788997281646729
660.08,630.0,2.07,116.83,0.2757183024597168
660.08,635.0,2.07,109.24,0.2738414901733398
660.08,640.0,2.07,107.7,0.270515107421875
660.08,645.0,2.07,111.49,0.2684742647933959
660.08,650.0,2.07,99.58,0.2649685930633544
660.08,655.0,2.07,98.48,0.26206945213317867
660.08,660.0,2.07,97.5,0.258170870513916
660.08,665.0,2.07,93.49,0.25719050312042235
660.08,670.0,2.07,89.5,0.25366194343566895
660.08,675.0,2.07,87.6,0.2519911227416992
660.08,680.0,2.07,86.78,0.2488173263549805
660.08,685.0,2.07,82.14,0.24645223770141605
660.08,690.0,2.07,77.0,0.24438469245910646
660.08,695.0,2.07,79.03,0.24192805198669434
660.08,700.0,2.07,72.85,0.23798369445800777
660.08,705.0,2.07,70.8,0.23680115013122557
660.08,710.0,2.07,67.81,0.2336426123809814
660.08,715.0,2.07,65.07,0.23122411849975588
660.08,720.0,2.07,59.65,0.22937782348632813
660.08,725.0,2.07,61.05,0.2225495836639404
660.08,730.0,2.07,58.5,0.2203332667160034
660.08,735.0,2.07,56.08,0.21815891101837154
660.08,740.0,2.07,53.67,0.21616002964019776
660.08,745.0,2.07,51.31,0.21384834621429444
660.08,750.0,2.07,48.85,0.21157099472045893
660.08,755.0,2.07,44.85,0.2089159919738769
660.08,760.0,2.07,43.46,0.20733672309875487
660.08,765.0,2.07,43.33,0.20468172035217283
660.08,770.0,2.07,38.85,0.20294986511230467
660.08,775.0,2.07,37.76,0.20074117748260495
660.08,780.0,2.07,35.05,0.19873085212707517
660.08,785.0,2.07,34.05,0.1968082639312744
660.08,790.0,2.07,31.45,0.19492000766754153
660.08,795.0,2.07,29.55,0.19305845401763916
660.08,800.0,2.07,28.0,0.1915058877563477
660.08,805.0,2.07,31.6,0.18933916137695314
660.08,810.0,2.07,26.7,0.1877370045471191
660.08,815.0,2.07,24.74,0.18611195976257325
660.08,820.0,2.07,23.77,0.18479208770751948
660.08,825.0,2.07,21.5,0.18294960735321042
660.08,830.0,2.07,20.05,0.18156107143402095
660.08,835.0,2.07,19.04,0.18037471244812012
660.08,840.0,2.07,17.98,0.1787420383453369
660.08,845.0,2.07,16.9,0.17750608879089355
660.08,850.0,2.07,16.27,0.17614807014465333
660.08,855.0,2.07,15.27,0.1748281980895996
660.08,860.0,2.07,15.76,0.17395082649230958
660.08,865.0,2.07,13.8,0.1726385837554932
660.08,870.0,2.07,12.0,0.17146366874694827
660.08,875.0,2.07,14.2,0.17052526260375983
660.08,880.0,2.07,11.17,0.1695334512329102
660.08,885.0,2.07,10.98,0.1687171141815186
660.08,890.0,2.07,9.87,0.16790077713012697
660.08,895.0,2.07,10.28,0.16709969871521
660.08,900.0,2.07,8.64,0.16635965484619147
660.08,905.0,2.07,8.25,0.1654899125671387
660.08,910.0,2.07,10.05,0.16496348960876464
660.08,915.0,2.07,7.95,0.16414715255737305
660.08,920.0,2.07,6.87,0.1635368070983887
660.08,925.0,2.07,6.74,0.16298749618530273
660.08,930.0,2.07,6.1,0.16249921981811521
660.08,935.0,2.07,6.13,0.16196516754150392
660.08,940.0,2.07,4.96,0.1615074084472656
660.08,945.0,2.07,6.27,0.161141201171875
660.08,950.0,2.07,4.76,0.16089706298828127
660.08,955.0,2.07,6.02,0.1604698211669922
660.08,960.0,2.07,4.8,0.16025620025634768
660.08,965.0,2.07,5.41,0.15992051025390625
660.08,970.0,2.07,5.07,0.1596763720703125
660.08,975.0,2.07,4.75,0.15941697525024412
660.08,980.0,2.07,3.85,0.15943223388671873
660.08,985.0,2.07,4.3,0.15935594070434572
660.08,990.0,2.07,3.2,0.15909654388427735
660.08,995.0,2.07,3.08,0.15906602661132813
660.08,1000.0,2.07,2.58,0.15906602661132813
660.08,1005.0,2.07,3.09,0.15909654388427735
660.08,1010.0,2.07,2.84,0.1591575784301758
660.08,1020.0,2.07,2.93,0.1592186129760742
660.08,1025.0,2.07,2.16,0.1592186129760742
660.08,1030.0,2.07,2.58,0.1594017166137695
660.08,1040.0,2.07,2.29,0.1595848202514648
660.08,1050.0,2.07,1.55,0.1599815447998047
660.08,1070.0,2.07,1.32,0.16059189025878906
660.08,1080.0,2.07,1.42,0.16101913208007812
660.08,1090.0,2.07,1.09,0.1616599948120117
660.08,1100.0,2.07,1.03,0.16214827117919922
660.08,1110.0,2.07,1.1,0.16266706481933596
660.08,1120.0,2.07,0.86,0.16327741027832032
660.08,1130.0,2.07,1.09,0.1637351693725586
660.08,1140.0,2.07,0.72,0.16431499755859375
660.08,1150.0,2.07,0.66,0.16468120483398438
660.08,1180.0,2.07,0.52,0.16632913757324225
660.08,1190.0,2.07,0.49,0.16724465576171876
660.08,1200.0,2.07,0.46,0.1676108630371094
660.08,1220.0,2.07,0.4,0.1688925885009766
660.08,1230.0,2.07,0.37,0.16931983032226564
660.08,1240.0,2.07,0.35,0.17023534851074223
660.08,1250.0,2.07,0.33,0.17041845214843754
660.08,1260.0,2.07,0.3,0.17115086669921875
660.08,1270.0,2.07,0.32,0.17176121215820314
660.08,1280.0,2.07,0.31,0.17285983398437502
660.08,1290.0,2.07,0.28,0.17322604125976562
660.08,1300.0,2.07,0.27,0.17359224853515626
660.08,1310.0,2.07,0.19,0.17456880126953128
660.08,1320.0,2.07,0.23,0.17542328491210937
660.08,1330.0,2.07,0.22,0.17627776855468752
660.08,1340.0,2.07,0.21,0.17701018310546873
660.08,50.0,2.17,626.62,0.8037129003906249
660.08,60.0,2.17,627.36,0.7971211694335938
660.08,100.0,2.17,571.78,0.627078924560547
660.08,105.0,2.17,566.79,0.6070595935058594
660.08,110.0,2.17,563.32,0.59570716796875
660.08,115.0,2.17,558.49,0.5789837023925781
660.08,120.0,2.17,553.48,0.5809368078613282
660.08,130.0,2.17,545.83,0.5493209130859377
660.08,140.0,2.17,540.33,0.5537764349365235
660.08,150.0,2.17,510.6,0.56055126953125
660.08,200.0,2.17,468.12,0.5434310794067384
660.08,220.0,2.17,462.0,0.5301560656738282
660.08,240.0,2.17,445.03,0.5140124282836914
660.08,245.0,2.17,449.09,0.5096331996154786
660.08,250.0,2.17,448.73,0.5060626786804199
660.08,255.0,2.17,417.83,0.6395604891967773
660.08,260.0,2.17,414.87,1.0000000000000003e-05
660.08,280.0,2.17,405.0,0.5023090541076662
660.08,295.0,2.17,407.72,0.4896596444702149
660.08,300.0,2.17,380.0,0.4858144680786133
660.08,320.0,2.17,386.0,0.4688163470458985
660.08,330.0,2.17,358.77,0.4619499606323243
660.08,335.0,2.17,360.27,0.5056049195861816
660.08,340.0,2.17,362.25,0.45273374420166024
660.08,350.0,2.17,348.74,0.44350226913452145
660.08,370.0,2.17,334.74,0.4295482460784912
660.08,375.0,2.17,330.51,0.4260311303710938
660.08,400.0,2.17,305.0,0.40773602523803715
660.08,420.0,2.17,287.0,0.3940185110473633
660.08,425.0,2.17,295.0,0.39132536170959475
660.08,430.0,2.17,270.0,0.38804475486755363
660.08,435.0,2.17,282.59,0.3838638884735107
660.08,440.0,2.17,265.5,0.38112496322631834
660.08,450.0,2.17,275.0,0.3734346104431152
660.08,455.0,2.17,251.2,0.37183245361328127
660.08,465.0,2.17,248.3,0.4033796845245362
660.08,470.0,2.17,236.92,0.3617236069488525
660.08,475.0,2.17,234.0,0.35867950897216794
660.08,480.0,2.17,246.0,0.35748170600891116
660.08,485.0,2.17,240.98,0.35247687324523924
660.08,490.0,2.17,238.5,0.349318335494995
660.08,495.0,2.17,230.5,0.346114021835327
660.08,500.0,2.17,209.27,0.3446491927337646
660.08,505.0,2.17,209.0,0.34134569793701175
660.08,510.0,2.17,222.53,0.33800405654907223
660.08,515.0,2.17,202.85,0.33633323585510255
660.08,520.0,2.17,196.0,0.3329000426483154
660.08,525.0,2.17,190.29,0.33109570888519285
660.08,530.0,2.17,193.5,0.3275747785186768
660.08,535.0,2.17,182.0,0.3256369316864013
660.08,540.0,2.17,181.19,0.3220282641601562
660.08,545.0,2.17,195.0,0.31996834823608394
660.08,550.0,2.17,180.17,0.31783213912963865
660.08,555.0,2.17,175.7,0.314086143875122
660.08,560.0,2.17,165.73,0.3103096313476562
660.08,565.0,2.17,178.94,0.30800557723999017
660.08,570.0,2.17,158.69,0.3056404885864258
660.08,575.0,2.17,156.4,0.3032105507278442
660.08,580.0,2.17,158.9,0.30071194900512693
660.08,585.0,2.17,157.48,0.2981561273956298
660.08,590.0,2.17,144.95,0.2955316419219971
660.08,595.0,2.17,142.29,0.29284612190246573
660.08,600.0,2.17,135.8,0.2889322816467284
660.08,605.0,2.17,148.99,0.28557156696319574
660.08,610.0,2.17,131.72,0.2844080959320068
660.08,615.0,2.17,134.7,0.28147080841064454
660.08,620.0,2.17,131.27,0.2798457636260986
660.08,625.0,2.17,128.46,0.278129167022705
660.08,630.0,2.17,118.83,0.2749858879089356
660.08,635.0,2.17,125.06,0.27177394493103024
660.08,640.0,2.17,111.7,0.2698284687805175
660.08,645.0,2.17,119.0,0.26647919807434084
660.08,650.0,2.17,102.58,0.262077081451416
660.08,655.0,2.17,102.24,0.25949074256896976
660.08,660.0,2.17,98.2,0.25674037334442135
660.08,665.0,2.17,96.92,0.255164919128418
660.08,670.0,2.17,95.15,0.25411970252990734
660.08,675.0,2.17,90.33,0.25236114467620846
660.08,680.0,2.17,87.0,0.24828708873748778
660.08,685.0,2.17,85.23,0.24707402713775634
660.08,690.0,2.17,80.81,0.24406426109313964
660.08,695.0,2.17,80.72,0.24106975368499756
660.08,700.0,2.17,75.0,0.2375144913864135
660.08,705.0,2.17,73.58,0.23697662445068357
660.08,710.0,2.17,70.44,0.23510744148254395
660.08,715.0,2.17,72.57,0.23313526271820068
660.08,720.0,2.17,63.0,0.2307015102005005
660.08,725.0,2.17,62.07,0.2272301704025268
660.08,730.0,2.17,60.18,0.22047059444427486
660.08,735.0,2.17,57.15,0.2184984156799316
660.08,740.0,2.17,55.36,0.21596548202514648
660.08,745.0,2.17,52.8,0.21376060905456543
660.08,750.0,2.17,48.06,0.2118075035858154
660.08,755.0,2.17,50.44,0.20935467777252192
660.08,760.0,2.17,46.16,0.20739394298553465
660.08,765.0,2.17,50.3,0.20557816524505612
660.08,770.0,2.17,40.44,0.2033885509109497
660.08,775.0,2.17,38.5,0.20170247158050536
660.08,780.0,2.17,38.5,0.1991847965621948
660.08,785.0,2.17,33.78,0.19782296325683596
660.08,790.0,2.17,31.95,0.1955036505126953
660.08,795.0,2.17,30.83,0.19390149368286136
660.08,800.0,2.17,30.3,0.1919293149185181
660.08,805.0,2.17,27.62,0.19068192138671874
660.08,810.0,2.17,28.27,0.18872118659973144
660.08,815.0,2.17,26.5,0.18697407272338867
660.08,820.0,2.17,25.01,0.1855855368041992
660.08,825.0,2.17,23.54,0.18431906997680664
660.08,830.0,2.17,21.58,0.1824804042816162
660.08,835.0,2.17,21.4,0.18105372177124018
660.08,840.0,2.17,23.2,0.17982540153503418
660.08,845.0,2.17,21.62,0.17848264152526858
660.08,850.0,2.17,17.1,0.1771017349243164
660.08,855.0,2.17,17.2,0.17609466491699222
660.08,860.0,2.17,14.93,0.17510285354614258
660.08,865.0,2.17,19.48,0.17376772285461425
660.08,870.0,2.17,15.7,0.17272250625610353
660.08,875.0,2.17,13.8,0.17174595352172856
660.08,880.0,2.17,12.45,0.17063207305908207
660.08,885.0,2.17,10.8,0.16984625328063965
660.08,890.0,2.17,10.17,0.16915961463928222
660.08,895.0,2.17,9.81,0.16815254463195803
660.08,900.0,2.17,9.54,0.16744301803588868
660.08,905.0,2.17,8.95,0.16655038780212408
660.08,910.0,2.17,8.8,0.16593241302490236
660.08,915.0,2.17,9.65,0.16540599006652834
660.08,920.0,2.17,9.04,0.16475749801635742
660.08,925.0,2.17,9.69,0.16422344573974612
660.08,930.0,2.17,7.79,0.16362072959899907
660.08,935.0,2.17,6.7,0.16338422073364262
660.08,940.0,2.17,5.75,0.16280439254760742
660.08,945.0,2.17,7.2,0.16256025436401367
660.08,950.0,2.17,5.21,0.16214827117919922
660.08,955.0,2.17,4.76,0.16190413299560547
660.08,960.0,2.17,5.2,0.16143111526489257
660.08,965.0,2.17,4.5,0.1612937875366211
660.08,970.0,2.17,4.79,0.1609886148071289
660.08,975.0,2.17,3.76,0.16083602844238282
660.08,980.0,2.17,4.55,0.16066818344116213
660.08,985.0,2.17,5.03,0.16059189025878906
660.08,990.0,2.17,3.47,0.16053085571289064
660.08,995.0,2.17,3.69,0.16039352798461914
660.08,1000.0,2.17,3.05,0.1604545625305176
660.08,1005.0,2.17,2.95,0.16043930389404298
660.08,1010.0,2.17,2.8,0.16037826934814453
660.08,1015.0,2.17,2.7,0.16031723480224608
660.08,1020.0,2.17,2.83,0.16053085571289064
660.08,1025.0,2.17,2.35,0.1604698211669922
660.08,1030.0,2.17,2.27,0.16068344207763674
660.08,1040.0,2.17,1.99,0.1608055111694336
660.08,1050.0,2.17,1.97,0.16120223571777342
660.08,1060.0,2.17,1.8,0.16172102935791016
660.08,1070.0,2.17,1.79,0.16214827117919922
660.08,1080.0,2.17,1.5,0.16257551300048828
660.08,1090.0,2.17,1.35,0.16315534118652347
660.08,1100.0,2.17,1.24,0.16376568664550784
660.08,1110.0,2.17,1.18,0.1641929284667969
660.08,1120.0,2.17,1.08,0.1648643084716797
660.08,1130.0,2.17,1.0,0.16541361938476565
660.08,1140.0,2.17,0.92,0.16602396484375004
660.08,1150.0,2.17,0.85,0.1667563793945313
660.08,1160.0,2.17,0.8,0.16736672485351564
660.08,1170.0,2.17,0.75,0.16816017395019534
660.08,1180.0,2.17,0.81,0.16877051940917973
660.08,1190.0,2.17,0.65,0.16931983032226564
660.08,1200.0,2.17,0.6,0.1700522448730469
660.08,1210.0,2.17,0.57,0.17035741760253909
660.08,1220.0,2.17,0.54,0.1712119012451172
660.08,1230.0,2.17,0.51,0.1720053503417969
660.08,1240.0,2.17,0.48,0.17237155761718753
660.08,1250.0,2.17,0.47,0.1733481103515625
660.08,1260.0,2.17,0.43,0.17389742126464847
660.08,1270.0,2.17,0.4,0.17432466308593753
660.08,1280.0,2.17,0.38,0.1751181121826172
660.08,1290.0,2.17,0.3,0.17591156127929689
660.08,1300.0,2.17,0.34,0.17652190673828128
660.08,1310.0,2.17,0.32,0.1771322521972656
660.08,1320.0,2.17,0.25,0.17762052856445312
660.08,1330.0,2.17,0.3,0.17932949584960936
660.08,1340.0,2.17,0.28,0.1790853576660156
