S0,K,T,P_mkt,iv_market
664.46,570.0,0.0,0.01,0.70312796875
664.46,575.0,0.0,0.02,0.6640658593750002
664.46,580.0,0.0,0.03,0.632816171875
664.46,585.0,0.0,0.01,0.5937540625000001
664.46,590.0,0.0,0.02,0.5546919531250001
664.46,595.0,0.0,0.02,0.5468795312500001
664.46,600.0,0.0,0.03,0.5117236328125
664.46,605.0,0.0,0.04,0.49609878906250005
664.46,610.0,0.0,0.04,0.45703667968750006
664.46,615.0,0.0,0.05,0.43945873046875
664.46,620.0,0.0,0.06,0.398443515625
664.46,625.0,0.0,0.07,0.36524072265625
664.46,630.0,0.0,0.08,0.334967587890625
664.46,631.0,0.0,0.09,0.335944140625
664.46,632.0,0.0,0.1,0.327155166015625
664.46,633.0,0.0,0.11,0.31836619140624994
664.46,634.0,0.0,0.11,0.317389638671875
664.46,635.0,0.0,0.12,0.31201859863281245
664.46,636.0,0.0,0.14,0.3061592822265625
664.46,637.0,0.0,0.16,0.3002999658203125
664.46,638.0,0.0,0.17,0.29688203124999996
664.46,639.0,0.0,0.17,0.29004616210937495
664.46,640.0,0.0,0.2,0.28565167480468745
664.46,641.0,0.0,0.21,0.28516339843749994
664.46,642.0,0.0,0.25,0.27295648925781246
664.46,643.0,0.0,0.28,0.2712475219726562
664.46,644.0,0.0,0.32,0.2700268310546875
664.46,645.0,0.0,0.39,0.26929441650390623
664.46,646.0,0.0,0.38,0.2553785400390626
664.46,647.0,0.0,0.42,0.2602613037109375
664.46,648.0,0.0,0.48,0.25391371093750004
664.46,649.0,0.0,0.55,0.25049577636718745
664.46,650.0,0.0,0.7,0.25025163818359375
664.46,651.0,0.0,0.7,0.24488059814453128
664.46,652.0,0.0,0.85,0.24024197265624997
664.46,653.0,0.0,1.0,0.23975369628906246
664.46,654.0,0.0,1.12,0.2362136926269531
664.46,655.0,0.0,1.23,0.23438265625
664.46,656.0,0.0,1.53,0.23438265625
664.46,657.0,0.0,1.74,0.2352371398925781
664.46,658.0,0.0,1.96,0.229499892578125
664.46,659.0,0.0,2.25,0.23011023803710937
664.46,660.0,0.0,2.62,0.22827920166015625
664.46,661.0,0.0,2.99,0.2274247180175781
664.46,662.0,0.0,3.29,0.2264481652832031
664.46,663.0,0.0,3.7,0.22534954345703123
664.46,664.0,0.0,4.26,0.2304764453125
664.46,665.0,0.0,4.54,0.222114712524414
664.46,666.0,0.0,5.01,0.21851367431640623
664.46,667.0,0.0,5.34,0.2196122961425781
664.46,668.0,0.0,6.18,0.2264481652832031
664.46,669.0,0.0,6.62,0.22620402709960938
664.46,670.0,0.0,7.62,0.22864540893554688
664.46,671.0,0.0,8.15,0.21314263427734376
664.46,672.0,0.0,9.07,0.24842060180664063
664.46,673.0,0.0,9.36,0.24414818359375
664.46,674.0,0.0,11.15,0.2534254345703125
664.46,675.0,0.0,11.52,0.25757578369140627
664.46,676.0,0.0,12.78,0.2696606237792969
664.46,677.0,0.0,14.92,0.278327529296875
664.46,678.0,0.0,14.37,0.28552960571289054
664.46,679.0,0.0,15.02,0.2995675512695312
664.46,680.0,0.0,16.39,0.2999337585449219
664.46,681.0,0.0,17.04,0.31690136230468746
664.46,682.0,0.0,18.34,0.3286199951171874
664.46,683.0,0.0,25.75,0.36206692626953124
664.46,684.0,0.0,21.63,0.3532779516601562
664.46,685.0,0.0,25.25,0.366217275390625
664.46,686.0,0.0,22.77,0.37720349365234374
664.46,687.0,0.0,15.64,0.3920959228515625
664.46,688.0,0.0,19.47,0.3610903735351562
664.46,689.0,0.0,17.7,0.47437049072265625
664.46,690.0,0.0,24.51,0.48767602172851565
664.46,691.0,0.0,17.9,0.5554243676757813
664.46,692.0,0.0,18.95,0.5202684692382812
664.46,693.0,0.0,19.94,0.5351608984375
664.46,694.0,0.0,18.8,0.5939982006835938
664.46,695.0,0.0,22.01,0.5485884985351563
664.46,696.0,0.0,25.46,0.6191444335937502
664.46,697.0,0.0,14.45,0.647464462890625
664.46,698.0,0.0,27.02,0.5839885351562499
664.46,699.0,0.0,25.81,0.59570716796875
664.46,700.0,0.0,38.0,0.6063271789550781
664.46,701.0,0.0,21.36,0.6187782263183594
664.46,703.0,0.0,21.6,0.650516190185547
664.46,705.0,0.0,35.09,0.51562984375
664.46,706.0,0.0,34.53,0.5227098510742187
664.46,708.0,0.0,32.57,0.5661664477539063
664.46,711.0,0.0,39.73,0.5705609350585938
664.46,720.0,0.0,47.29,0.659183095703125
664.46,500.0,0.04,0.25,0.5581098876953126
664.46,505.0,0.04,0.35,0.5434615966796876
664.46,510.0,0.04,0.27,0.53320779296875
664.46,515.0,0.04,0.33,0.5180712255859375
664.46,520.0,0.04,0.33,0.5073291455078125
664.46,525.0,0.04,0.36,0.4946339599609375
664.46,530.0,0.04,0.5,0.48438015625
664.46,535.0,0.04,0.4,0.47022014160156256
664.46,540.0,0.04,0.46,0.4572808178710938
664.46,545.0,0.04,0.49,0.4440973559570312
664.46,550.0,0.04,0.53,0.4318904467773438
664.46,555.0,0.04,0.65,0.42017181396484377
664.46,560.0,0.04,0.63,0.40796490478515623
664.46,565.0,0.04,0.81,0.3952697192382813
664.46,570.0,0.04,0.88,0.383795224609375
664.46,575.0,0.04,0.82,0.3698793481445312
664.46,580.0,0.04,1.11,0.3587710607910156
664.46,585.0,0.04,0.97,0.3481510498046875
664.46,590.0,0.04,1.11,0.33386896606445315
664.46,595.0,0.04,1.24,0.3249579223632812
664.46,600.0,0.04,1.32,0.3139717041015625
664.46,605.0,0.04,1.49,0.303168589477539
664.46,610.0,0.04,1.76,0.291877198486328
664.46,615.0,0.04,2.02,0.27985339294433587
664.46,620.0,0.04,2.32,0.2688671746826171
664.46,625.0,0.04,2.64,0.26282475463867194
664.46,630.0,0.04,3.25,0.25250991638183595
664.46,635.0,0.04,3.7,0.2393264544677734
664.46,640.0,0.04,4.6,0.2337417935180664
664.46,641.0,0.04,4.74,0.2318192053222656
664.46,642.0,0.04,4.88,0.23038489349365232
664.46,643.0,0.04,5.07,0.22797402893066404
664.46,644.0,0.04,5.65,0.22541057800292968
664.46,645.0,0.04,5.2,0.22296919616699218
664.46,646.0,0.04,5.37,0.21915453704833981
664.46,647.0,0.04,5.64,0.21985643432617186
664.46,648.0,0.04,5.92,0.21540091247558596
664.46,649.0,0.04,6.07,0.21356987609863282
664.46,650.0,0.04,6.49,0.2119524606323242
664.46,651.0,0.04,6.48,0.21302056518554688
664.46,652.0,0.04,7.49,0.21268487518310547
664.46,653.0,0.04,7.25,0.21015194152832029
664.46,654.0,0.04,7.83,0.20615417877197262
664.46,655.0,0.04,7.58,0.2054522814941406
664.46,656.0,0.04,7.86,0.20365176239013671
664.46,657.0,0.04,8.4,0.20215641601562498
664.46,658.0,0.04,8.74,0.19995917236328126
664.46,659.0,0.04,8.82,0.19965399963378905
664.46,660.0,0.04,9.25,0.19495433959960937
664.46,661.0,0.04,10.0,0.1947407186889648
664.46,662.0,0.04,9.9,0.1920551986694336
664.46,663.0,0.04,10.25,0.19101761138916018
664.46,664.0,0.04,10.56,0.18854571228027345
664.46,665.0,0.04,10.97,0.18705036590576174
664.46,666.0,0.04,11.34,0.18512777770996092
664.46,667.0,0.04,11.76,0.1836324313354492
664.46,668.0,0.04,12.2,0.18360191406249998
664.46,669.0,0.04,12.42,0.18021449676513673
664.46,670.0,0.04,12.7,0.17859708129882812
664.46,671.0,0.04,13.55,0.17865811584472657
664.46,672.0,0.04,15.22,0.1757894921875
664.46,673.0,0.04,14.4,0.1751181121826172
664.46,674.0,0.04,14.77,0.17343966217041018
664.46,675.0,0.04,19.53,0.17090672851562502
664.46,676.0,0.04,17.29,0.16986914123535157
664.46,677.0,0.04,20.83,0.1676108630371094
664.46,678.0,0.04,19.3,0.1671225866699219
664.46,679.0,0.04,20.03,0.1680991394042969
664.46,680.0,0.04,18.69,0.16376568664550784
664.46,681.0,0.04,24.97,0.16272809936523439
664.46,682.0,0.04,20.17,0.1637351693725586
664.46,683.0,0.04,25.78,0.1609580975341797
664.46,684.0,0.04,24.27,0.165322067565918
664.46,685.0,0.04,27.6,0.16187361572265624
664.46,686.0,0.04,24.53,0.15161981201171876
664.46,687.0,0.04,26.19,0.15784533569335937
664.46,688.0,0.04,27.02,0.15760119750976562
664.46,689.0,0.04,28.13,0.14508911560058596
664.46,690.0,0.04,31.66,0.16266706481933596
664.46,691.0,0.04,26.5,0.16053085571289064
664.46,692.0,0.04,20.24,0.15851671569824222
664.46,693.0,0.04,28.19,0.16339947937011723
664.46,694.0,0.04,37.2,0.16529155029296877
664.46,695.0,0.04,31.51,0.17603363037109376
664.46,696.0,0.04,32.81,0.170479486694336
664.46,697.0,0.04,24.93,0.17566742309570313
664.46,698.0,0.04,25.24,0.1928791650390625
664.46,699.0,0.04,27.1,0.2067950415039062
664.46,700.0,0.04,36.0,0.18531088134765622
664.46,701.0,0.04,43.0,0.20404848693847655
664.46,702.0,0.04,33.65,0.20752745605468748
664.46,703.0,0.04,41.5,0.22113815979003904
664.46,704.0,0.04,40.98,0.2237016107177734
664.46,705.0,0.04,39.75,0.22180953979492185
664.46,706.0,0.04,24.54,0.22553264709472653
664.46,707.0,0.04,34.34,0.22956092712402343
664.46,708.0,0.04,21.9,0.25202164001464844
664.46,710.0,0.04,38.42,0.2370071417236328
664.46,715.0,0.04,39.71,0.2820506365966796
664.46,720.0,0.04,48.99,0.27802235656738283
664.46,725.0,0.04,54.15,0.32263860961914054
664.46,730.0,0.04,46.96,0.33173275695800786
664.46,740.0,0.04,59.01,0.3479069116210937
664.46,750.0,0.04,67.52,0.3792176336669921
664.46,755.0,0.04,84.14,0.3965514447021484
664.46,770.0,0.04,84.57,0.4373835559082031
664.46,400.0,0.12,0.33,0.5908244042968751
664.46,405.0,0.12,0.22,0.5825237060546875
664.46,485.0,0.12,0.77,0.44287666503906253
664.46,490.0,0.12,0.73,0.4338435522460938
664.46,500.0,0.12,0.93,0.41687594848632803
664.46,515.0,0.12,1.1,0.3918517846679687
664.46,520.0,0.12,1.2,0.38355108642578123
664.46,525.0,0.12,1.47,0.3745179736328125
664.46,540.0,0.12,1.54,0.35028725891113277
664.46,545.0,0.12,1.58,0.3433293206787109
664.46,550.0,0.12,1.65,0.33667655517578127
664.46,555.0,0.12,2.27,0.32947447875976554
664.46,560.0,0.12,2.41,0.31995308959960933
664.46,565.0,0.12,2.62,0.31415480773925775
664.46,570.0,0.12,2.94,0.3067085931396484
664.46,580.0,0.12,2.93,0.2923654748535155
664.46,585.0,0.12,3.24,0.28552960571289054
664.46,590.0,0.12,3.4,0.27863270202636714
664.46,595.0,0.12,3.68,0.27057614196777346
664.46,600.0,0.12,4.11,0.26508303283691403
664.46,605.0,0.12,4.63,0.25818612915039063
664.46,610.0,0.12,5.53,0.251411294555664
664.46,615.0,0.12,5.47,0.24582663360595702
664.46,620.0,0.12,6.08,0.23844145355224605
664.46,625.0,0.12,7.11,0.23203282623291016
664.46,630.0,0.12,7.5,0.22481549118041988
664.46,635.0,0.12,8.73,0.21555349884033204
664.46,640.0,0.12,9.7,0.2111895288085937
664.46,645.0,0.12,11.95,0.20365176239013671
664.46,650.0,0.12,11.81,0.19689218643188477
664.46,655.0,0.12,13.14,0.19060562820434573
664.46,656.0,0.12,17.3,0.188484677734375
664.46,657.0,0.12,13.64,0.18759967681884765
664.46,658.0,0.12,14.8,0.18727924545288088
664.46,660.0,0.12,14.8,0.1834493276977539
664.46,664.0,0.12,16.34,0.1772695799255371
664.46,665.0,0.12,16.44,0.17649138946533205
664.46,666.0,0.12,15.7,0.1741263008117676
664.46,667.0,0.12,19.11,0.17124241851806643
664.46,668.0,0.12,17.72,0.17302767898559573
664.46,669.0,0.12,20.6,0.17162388442993165
664.46,670.0,0.12,18.7,0.16979284805297856
664.46,671.0,0.12,23.14,0.1658103439331055
664.46,672.0,0.12,23.05,0.16803810485839848
664.46,673.0,0.12,24.06,0.16500163619995117
664.46,674.0,0.12,16.06,0.16660379302978523
664.46,675.0,0.12,25.3,0.16429973892211913
664.46,676.0,0.12,21.63,0.16350628982543947
664.46,677.0,0.12,26.1,0.16469646347045896
664.46,678.0,0.12,19.86,0.15818102569580078
664.46,679.0,0.12,28.42,0.1591575784301758
664.46,680.0,0.12,23.6,0.1603477520751953
664.46,681.0,0.12,28.41,0.1574333525085449
664.46,682.0,0.12,18.33,0.15644154113769532
664.46,683.0,0.12,25.3,0.15709766250610352
664.46,685.0,0.12,27.0,0.15421378021240234
664.46,686.0,0.12,29.2,0.15305412384033207
664.46,692.0,0.12,20.46,0.14782041152954106
664.46,701.0,0.12,32.13,0.1433496310424805
664.46,703.0,0.12,33.92,0.15845568115234376
664.46,704.0,0.12,41.5,0.1601646484375
664.46,335.0,0.25,0.52,0.5888712988281251
664.46,340.0,0.25,0.43,0.5786174951171875
664.46,345.0,0.25,0.49,0.5715374877929689
664.46,350.0,0.25,0.64,0.5644574804687501
664.46,355.0,0.25,0.67,0.5561567822265626
664.46,360.0,0.25,0.77,0.5488326367187502
664.46,365.0,0.25,0.79,0.540287800292969
664.46,370.0,0.25,0.78,0.5328415856933593
664.46,375.0,0.25,0.86,0.5257615783691407
664.46,380.0,0.25,0.87,0.5185595019531251
664.46,385.0,0.25,0.72,0.5095263891601562
664.46,390.0,0.25,0.97,0.502080174560547
664.46,395.0,0.25,0.97,0.495122236328125
664.46,400.0,0.25,1.06,0.48828636718750007
664.46,405.0,0.25,1.04,0.48071808349609374
664.46,410.0,0.25,1.05,0.47510290527343746
664.46,415.0,0.25,1.3,0.46655806884765627
664.46,420.0,0.25,1.29,0.45935599243164066
664.46,425.0,0.25,1.29,0.45203184692382814
664.46,430.0,0.25,1.37,0.4451959777832031
664.46,435.0,0.25,1.54,0.4382380395507813
664.46,440.0,0.25,1.32,0.4317683776855469
664.46,445.0,0.25,1.46,0.4250545776367188
664.46,450.0,0.25,1.6,0.4167538793945312
664.46,455.0,0.25,1.76,0.41083352844238286
664.46,460.0,0.25,1.79,0.40381455566406255
664.46,465.0,0.25,1.93,0.3971007556152344
664.46,470.0,0.25,1.82,0.39063109375
664.46,475.0,0.25,2.04,0.38440557006835935
664.46,480.0,0.25,2.11,0.37720349365234374
664.46,485.0,0.25,2.19,0.37000141723632807
664.46,490.0,0.25,2.57,0.36365382446289063
664.46,495.0,0.25,2.6,0.3580386462402344
664.46,500.0,0.25,2.45,0.351019673461914
664.46,505.0,0.25,2.95,0.344733115234375
664.46,510.0,0.25,3.0,0.3393620751953125
664.46,515.0,0.25,3.28,0.3339300006103516
664.46,520.0,0.25,3.2,0.3282232705688476
664.46,525.0,0.25,3.4,0.3220282641601562
664.46,530.0,0.25,3.38,0.3162299822998046
664.46,535.0,0.25,3.67,0.31061480407714837
664.46,540.0,0.25,4.59,0.30451134948730463
664.46,545.0,0.25,4.73,0.29871306762695304
664.46,550.0,0.25,4.34,0.29279271667480455
664.46,555.0,0.25,4.8,0.2876352975463866
664.46,560.0,0.25,5.5,0.2818980502319336
664.46,565.0,0.25,5.28,0.2774120111083984
664.46,570.0,0.25,5.57,0.27127803924560545
664.46,575.0,0.25,5.97,0.26605958557128906
664.46,580.0,0.25,6.47,0.26068854553222653
664.46,585.0,0.25,6.92,0.25476819458007816
664.46,590.0,0.25,7.33,0.24867999862670898
664.46,595.0,0.25,8.31,0.2450942190551758
664.46,600.0,0.25,8.5,0.23929593719482417
664.46,605.0,0.25,9.9,0.23387912124633786
664.46,610.0,0.25,9.83,0.22760782165527343
664.46,615.0,0.25,10.7,0.2230607479858398
664.46,620.0,0.25,11.39,0.21738453521728518
664.46,625.0,0.25,12.38,0.21181513290405268
664.46,630.0,0.25,13.21,0.20676452423095698
664.46,635.0,0.25,14.22,0.20122563919067382
664.46,640.0,0.25,15.26,0.19490856369018555
664.46,645.0,0.25,17.58,0.19017838638305667
664.46,650.0,0.25,17.9,0.18473105316162108
664.46,655.0,0.25,19.39,0.17929897857666016
664.46,660.0,0.25,21.04,0.17348543807983396
664.46,665.0,0.25,22.83,0.16845008804321293
664.46,670.0,0.25,24.68,0.16214827117919922
664.46,675.0,0.25,26.9,0.15894395751953128
664.46,680.0,0.25,30.27,0.1535271415710449
664.46,685.0,0.25,31.79,0.14949886154174807
664.46,690.0,0.25,34.5,0.1453027365112305
664.46,695.0,0.25,39.41,0.1420068710327148
664.46,700.0,0.25,43.94,0.13750557327270513
664.46,705.0,0.25,45.0,0.1344080700683594
664.46,710.0,0.25,49.15,0.13346203460693357
664.46,715.0,0.25,58.0,0.12818254638671872
664.46,720.0,0.25,57.04,0.139657041015625
664.46,725.0,0.25,57.95,0.14048100738525393
664.46,730.0,0.25,57.08,0.1431970446777344
664.46,735.0,0.25,58.8,0.14740842834472656
664.46,740.0,0.25,60.2,0.15277946838378909
664.46,750.0,0.25,79.1,0.170479486694336
664.46,760.0,0.25,97.37,1.0000000000000003e-05
664.46,780.0,0.25,102.0,0.20533021240234373
664.46,245.0,0.33,0.32,0.6904327832031252
664.46,250.0,0.33,0.42,0.6821320849609377
664.46,255.0,0.33,0.3,0.6743196630859377
664.46,260.0,0.33,0.33,0.6655306884765627
664.46,265.0,0.33,0.28,0.6567417138671876
664.46,270.0,0.33,0.45,0.6479527392578125
664.46,275.0,0.33,0.39,0.6391637646484375
664.46,280.0,0.33,0.51,0.6320837573242188
664.46,285.0,0.33,0.4,0.6245154736328126
664.46,290.0,0.33,0.6,0.6149940844726562
664.46,295.0,0.33,0.41,0.6081582153320313
664.46,300.0,0.33,0.46,0.5986368261718751
664.46,305.0,0.33,0.66,0.5903361279296876
664.46,310.0,0.33,0.65,0.5827678442382812
664.46,315.0,0.33,0.64,0.5749554223632812
664.46,320.0,0.33,0.77,0.5678754150390625
664.46,325.0,0.33,0.58,0.561527822265625
664.46,330.0,0.33,0.81,0.5531050549316407
664.46,335.0,0.33,0.79,0.5456588403320313
664.46,340.0,0.33,0.62,0.5377243493652344
664.46,345.0,0.33,0.99,0.5306443420410156
664.46,350.0,0.33,0.93,0.5239305419921875
664.46,355.0,0.33,0.99,0.5167284655761719
664.46,360.0,0.33,0.97,0.5102588037109376
664.46,365.0,0.33,1.16,0.5024463818359376
664.46,370.0,0.33,0.89,0.4953663745117188
664.46,375.0,0.33,1.27,0.4892629199218751
664.46,380.0,0.33,1.32,0.4818167053222656
664.46,385.0,0.33,1.33,0.47546911254882807
664.46,390.0,0.33,1.36,0.4679008288574219
664.46,395.0,0.33,1.18,0.46143116699218756
664.46,400.0,0.33,1.38,0.45429012512207034
664.46,405.0,0.33,1.5,0.4476373596191406
664.46,410.0,0.33,1.56,0.4419001123046875
664.46,415.0,0.33,1.55,0.43457596679687505
664.46,420.0,0.33,1.63,0.42865561584472656
664.46,425.0,0.33,1.65,0.42127043579101564
664.46,430.0,0.33,1.92,0.4158993957519531
664.46,435.0,0.33,1.84,0.4080259393310547
664.46,440.0,0.33,2.13,0.40167834655761714
664.46,445.0,0.33,1.71,0.39600213378906257
664.46,450.0,0.33,2.22,0.3900817828369141
664.46,455.0,0.33,1.95,0.383795224609375
664.46,460.0,0.33,2.47,0.3776917700195312
664.46,465.0,0.33,2.32,0.37177141906738287
664.46,470.0,0.33,2.67,0.3654238262939453
664.46,475.0,0.33,2.79,0.360083303527832
664.46,480.0,0.33,2.76,0.3548648498535155
664.46,485.0,0.33,3.05,0.34812053253173825
664.46,490.0,0.33,3.23,0.34326828613281246
664.46,495.0,0.33,3.73,0.3377446597290039
664.46,500.0,0.33,3.41,0.3320379296875
664.46,505.0,0.33,4.25,0.32700257965087887
664.46,510.0,0.33,4.43,0.32092964233398436
664.46,515.0,0.33,4.3,0.3164741204833984
664.46,520.0,0.33,4.17,0.3113472186279296
664.46,525.0,0.33,4.47,0.30597617858886716
664.46,530.0,0.33,4.67,0.30072720764160155
664.46,535.0,0.33,4.96,0.2955697885131836
664.46,540.0,0.33,5.47,0.2903208175659179
664.46,545.0,0.33,5.54,0.28613995117187496
664.46,550.0,0.33,5.88,0.28006701385498034
664.46,555.0,0.33,7.16,0.275123215637207
664.46,560.0,0.33,7.35,0.2703014865112304
664.46,565.0,0.33,7.37,0.2662426892089844
664.46,570.0,0.33,7.44,0.26142096008300786
664.46,575.0,0.33,8.05,0.25604992004394533
664.46,580.0,0.33,9.58,0.25220474365234374
664.46,585.0,0.33,9.06,0.2465590481567383
664.46,590.0,0.33,9.68,0.2416915431213379
664.46,595.0,0.33,10.57,0.23708343490600586
664.46,600.0,0.33,10.98,0.23241429214477538
664.46,605.0,0.33,12.01,0.2275620457458496
664.46,610.0,0.33,12.37,0.22249617843627928
664.46,615.0,0.33,13.29,0.2179643634033203
664.46,620.0,0.33,14.05,0.21266961654663086
664.46,625.0,0.33,14.86,0.208092025604248
664.46,630.0,0.33,15.97,0.20366702102661133
664.46,635.0,0.33,17.11,0.19871559349060056
664.46,640.0,0.33,18.27,0.19284864776611327
664.46,645.0,0.33,19.55,0.18856097091674806
664.46,650.0,0.33,21.19,0.18318993087768554
664.46,655.0,0.33,22.53,0.17826139129638674
664.46,660.0,0.33,24.23,0.17283694602966312
664.46,665.0,0.33,25.87,0.1685416398620606
664.46,670.0,0.33,27.7,0.1632163757324219
664.46,675.0,0.33,29.82,0.15873033660888675
664.46,680.0,0.33,32.34,0.1551140397644043
664.46,685.0,0.33,34.45,0.15042963836669926
664.46,690.0,0.33,37.28,0.1457299783325195
664.46,695.0,0.33,44.02,0.14214419876098633
664.46,700.0,0.33,43.14,0.13781074600219728
664.46,705.0,0.33,45.35,0.13308056869506835
664.46,710.0,0.33,49.01,0.1329737582397461
664.46,715.0,0.33,55.21,0.1283351327514648
664.46,720.0,0.33,59.87,0.1245357322692871
664.46,725.0,0.33,57.41,0.13327893096923826
664.46,730.0,0.33,70.57,0.1332178964233398
664.46,735.0,0.33,69.38,0.13446910461425782
664.46,740.0,0.33,61.64,0.1371851419067383
664.46,745.0,0.33,73.0,0.14136600830078128
664.46,750.0,0.33,75.27,0.15335929656982422
664.46,800.0,0.33,130.86,0.20664245513916013
664.46,810.0,0.33,123.09,0.2171098797607422
664.46,830.0,0.33,235.15,0.7206143661499024
664.46,840.0,0.33,240.24,1.0000000000000003e-05
664.46,845.0,0.33,185.89,0.22583781982421874
664.46,850.0,0.33,191.25,0.2302933416748047
664.46,435.0,0.44,2.87,0.37830211547851555
664.46,440.0,0.44,3.06,0.3729921099853516
664.46,445.0,0.44,2.35,0.3667360690307617
664.46,450.0,0.44,3.04,0.3614565808105469
664.46,460.0,0.44,2.92,0.3517520880126953
664.46,465.0,0.44,3.8,0.345435012512207
664.46,470.0,0.44,3.98,0.34058276611328125
664.46,475.0,0.44,4.22,0.33618827880859375
664.46,480.0,0.44,4.38,0.33139706695556637
664.46,485.0,0.44,4.45,0.32663637237548826
664.46,490.0,0.44,4.25,0.32117378051757806
664.46,495.0,0.44,3.31,0.31662670684814453
664.46,500.0,0.44,4.75,0.3120796331787109
664.46,505.0,0.44,4.2,0.30762411132812495
664.46,510.0,0.44,5.48,0.30298548583984375
664.46,515.0,0.44,6.02,0.2985909985351562
664.46,520.0,0.44,6.09,0.29328099304199207
664.46,525.0,0.44,6.44,0.28919167846679683
664.46,530.0,0.44,6.8,0.2843089147949218
664.46,535.0,0.44,6.66,0.2801280484008788
664.46,540.0,0.44,7.64,0.27603873382568356
664.46,545.0,0.44,5.42,0.2713390737915039
664.46,550.0,0.44,8.01,0.26665467239379886
664.46,555.0,0.44,8.05,0.26309941009521487
664.46,560.0,0.44,8.96,0.2588269918823243
664.46,565.0,0.44,9.5,0.2540815559387208
664.46,570.0,0.44,10.65,0.25003801727294916
664.46,575.0,0.44,10.46,0.246375944519043
664.46,580.0,0.44,12.33,0.24127955993652345
664.46,585.0,0.44,12.4,0.23708343490600586
664.46,590.0,0.44,12.39,0.23336032760620118
664.46,595.0,0.44,14.68,0.22920997848510744
664.46,600.0,0.44,14.35,0.22469342208862303
664.46,605.0,0.44,15.44,0.2205583316040039
664.46,610.0,0.44,16.28,0.2160417752075195
664.46,612.0,0.44,13.73,0.21443961837768555
664.46,613.0,0.44,15.39,0.21340203109741213
664.46,614.0,0.44,12.55,0.21270013381958008
664.46,615.0,0.44,16.52,0.2118456501770019
664.46,616.0,0.44,14.7,0.20995357925415037
664.46,617.0,0.44,16.6,0.21041133834838865
664.46,618.0,0.44,19.26,0.20896176788330073
664.46,619.0,0.44,18.59,0.20830564651489253
664.46,620.0,0.44,18.05,0.20735961105346679
664.46,621.0,0.44,17.99,0.20567353172302247
664.46,622.0,0.44,13.98,0.20581848876953124
664.46,623.0,0.44,16.08,0.20371279693603517
664.46,624.0,0.44,14.03,0.20348391738891602
664.46,625.0,0.44,19.12,0.20336184829711912
664.46,626.0,0.44,18.6,0.20116460464477537
664.46,627.0,0.44,17.86,0.2015689585113525
664.46,628.0,0.44,15.75,0.19934882690429687
664.46,630.0,0.44,19.69,0.1975788250732422
664.46,631.0,0.44,15.72,0.1975788250732422
664.46,633.0,0.44,20.24,0.19588511642456058
664.46,635.0,0.44,20.82,0.19403882141113282
664.46,636.0,0.44,15.15,0.1935505450439453
664.46,637.0,0.44,15.84,0.19146011184692385
664.46,638.0,0.44,22.03,0.19043778320312502
664.46,639.0,0.44,21.12,0.1904301538848877
664.46,640.0,0.44,22.76,0.18901110069274904
664.46,641.0,0.44,16.25,0.18865252273559568
664.46,642.0,0.44,16.57,0.18761493545532226
664.46,643.0,0.44,20.12,0.18726398681640627
664.46,644.0,0.44,16.7,0.1863484686279297
664.46,645.0,0.44,23.38,0.18489889816284177
664.46,646.0,0.44,23.84,0.1834798449707031
664.46,647.0,0.44,20.57,0.18326622406005855
664.46,648.0,0.44,23.76,0.18233544723510742
664.46,649.0,0.44,22.43,0.1818319122314453
664.46,650.0,0.44,24.63,0.1808553594970703
664.46,651.0,0.44,24.93,0.17967281517028807
664.46,652.0,0.44,25.33,0.17760526992797854
664.46,653.0,0.44,26.06,0.17776548561096192
664.46,654.0,0.44,26.01,0.17651427742004397
664.46,655.0,0.44,26.6,0.17609466491699222
664.46,656.0,0.44,26.57,0.1750265603637695
664.46,657.0,0.44,27.29,0.17421785263061523
664.46,658.0,0.44,27.39,0.17343966217041018
664.46,659.0,0.44,27.96,0.1729742737579346
664.46,660.0,0.44,27.95,0.1706625903320313
664.46,661.0,0.44,28.29,0.1695258219146729
664.46,662.0,0.44,28.38,0.16948767532348635
664.46,663.0,0.44,29.26,0.16902228691101076
664.46,664.0,0.44,29.67,0.1684195707702637
664.46,665.0,0.44,30.08,0.16643594802856448
664.46,666.0,0.44,29.95,0.16622232711791995
664.46,667.0,0.44,30.71,0.16480327392578126
664.46,668.0,0.44,31.17,0.16407085937500002
664.46,669.0,0.44,31.52,0.16360547096252445
664.46,670.0,0.44,31.37,0.16237715072631836
664.46,671.0,0.44,32.4,0.16178206390380856
664.46,672.0,0.44,32.68,0.1609962441253662
664.46,673.0,0.44,33.19,0.15983658775329587
664.46,674.0,0.44,33.91,0.15892869888305666
664.46,675.0,0.44,36.5,0.15844042251586915
664.46,676.0,0.44,37.37,0.15746386978149413
664.46,677.0,0.44,34.46,0.15656361022949222
664.46,678.0,0.44,38.63,0.15631947204589847
664.46,679.0,0.44,36.96,0.15353477088928222
664.46,680.0,0.44,39.57,0.15395438339233397
664.46,681.0,0.44,36.32,0.15372550384521483
664.46,682.0,0.44,36.75,0.15287864952087407
664.46,683.0,0.44,36.98,0.1528099856567383
664.46,684.0,0.44,33.31,0.15027705200195315
664.46,685.0,0.44,37.63,0.15024653472900396
664.46,686.0,0.44,34.12,0.15088739746093754
664.46,687.0,0.44,39.31,0.14886562812805174
664.46,688.0,0.44,34.46,0.14778989425659184
664.46,689.0,0.44,34.11,0.1448449774169922
664.46,690.0,0.44,43.81,0.14713377288818358
664.46,691.0,0.44,34.56,0.1444329942321777
664.46,692.0,0.44,36.34,0.14373109695434572
664.46,693.0,0.44,36.03,0.14402101104736326
664.46,694.0,0.44,37.08,0.14286135467529298
664.46,695.0,0.44,37.97,0.14086247329711915
664.46,696.0,0.44,36.91,0.1412897151184082
664.46,697.0,0.44,39.59,0.14049626602172854
664.46,698.0,0.44,37.74,0.13858893646240233
664.46,699.0,0.44,38.26,0.13788703918457032
664.46,700.0,0.44,46.9,0.13803962554931642
664.46,701.0,0.44,34.29,0.13705544349670415
664.46,702.0,0.44,34.9,0.13556772644042972
664.46,704.0,0.44,41.82,0.13433177688598635
664.46,705.0,0.44,50.18,0.13448436325073243
664.46,707.0,0.44,51.17,0.13353832778930663
664.46,710.0,0.44,53.55,0.13073073867797852
664.46,711.0,0.44,40.42,0.12925828025817873
664.46,715.0,0.44,57.02,0.12256736816406251
664.46,720.0,0.44,66.42,0.1246730599975586
664.46,725.0,0.44,48.26,0.12004969314575195
664.46,730.0,0.44,74.17,0.11919520950317383
664.46,740.0,0.44,68.0,0.12572590591430666
664.46,745.0,0.44,63.18,0.12671771728515624
664.46,750.0,0.44,76.0,0.12894547821044922
664.46,810.0,0.44,134.0,0.18460898406982418
664.46,245.0,0.57,0.73,0.5808147387695313
664.46,250.0,0.57,0.85,0.5727581787109376
664.46,255.0,0.57,0.89,0.5658002404785156
664.46,260.0,0.57,0.74,0.5592085095214845
664.46,265.0,0.57,0.93,0.5521285021972657
664.46,270.0,0.57,0.72,0.5459029785156251
664.46,275.0,0.57,1.01,0.5383346948242189
664.46,280.0,0.57,1.07,0.5327195166015625
664.46,285.0,0.57,1.15,0.5251512329101562
664.46,290.0,0.57,1.21,0.5183153637695312
664.46,295.0,0.57,1.28,0.5124560473632812
664.46,300.0,0.57,1.33,0.5056201782226561
664.46,305.0,0.57,1.29,0.4996387927246094
664.46,310.0,0.57,1.22,0.4930470617675782
664.46,315.0,0.57,1.45,0.4874929180908204
664.46,320.0,0.57,1.4,0.4808401525878906
664.46,325.0,0.57,1.58,0.4751639398193359
664.46,330.0,0.57,1.66,0.4689384161376954
664.46,335.0,0.57,1.73,0.4626518579101563
664.46,340.0,0.57,1.47,0.4572808178710938
664.46,345.0,0.57,1.98,0.4505670178222656
664.46,350.0,0.57,1.88,0.4446466668701171
664.46,355.0,0.57,1.85,0.43945873046875
664.46,360.0,0.57,2.03,0.4334773449707031
664.46,365.0,0.57,1.9,0.42743492492675783
664.46,370.0,0.57,2.32,0.4220638848876953
664.46,375.0,0.57,2.41,0.41565525756835936
664.46,380.0,0.57,2.22,0.41083352844238286
664.46,385.0,0.57,2.53,0.40430283203125
664.46,390.0,0.57,2.0,0.3996642065429688
664.46,395.0,0.57,2.27,0.3945983392333985
664.46,400.0,0.57,2.69,0.38886109191894536
664.46,405.0,0.57,2.28,0.3831238446044921
664.46,410.0,0.57,3.16,0.37863780548095705
664.46,415.0,0.57,3.27,0.37329728271484375
664.46,420.0,0.57,3.26,0.3678652081298829
664.46,425.0,0.57,3.26,0.3635317553710938
664.46,430.0,0.57,3.41,0.35773347351074214
664.46,435.0,0.57,2.9,0.35382726257324215
664.46,440.0,0.57,4.03,0.3485172570800781
664.46,445.0,0.57,3.85,0.34393966613769533
664.46,450.0,0.57,4.05,0.3390569024658203
664.46,455.0,0.57,3.88,0.3342962078857422
664.46,460.0,0.57,4.47,0.33008482421874996
664.46,465.0,0.57,4.98,0.3253851641845703
664.46,470.0,0.57,4.77,0.3210822286987304
664.46,475.0,0.57,4.99,0.3168098104858398
664.46,480.0,0.57,5.8,0.31235428863525383
664.46,485.0,0.57,5.91,0.30808187042236324
664.46,490.0,0.57,6.36,0.3036568658447265
664.46,495.0,0.57,6.61,0.2996285858154296
664.46,500.0,0.57,6.32,0.29529513305664057
664.46,505.0,0.57,7.38,0.2910532321166991
664.46,510.0,0.57,7.49,0.28713176254272454
664.46,515.0,0.57,8.05,0.28302718933105464
664.46,520.0,0.57,7.93,0.2796245133972168
664.46,525.0,0.57,8.44,0.2753673538208008
664.46,530.0,0.57,8.82,0.27094234924316407
664.46,535.0,0.57,9.15,0.2674328628540039
664.46,540.0,0.57,9.73,0.2632214791870118
664.46,545.0,0.57,10.2,0.25963569961547855
664.46,550.0,0.57,10.64,0.25582104049682625
664.46,555.0,0.57,11.88,0.25196060546875
664.46,560.0,0.57,11.54,0.24843586044311522
664.46,565.0,0.57,12.64,0.2448958567810059
664.46,570.0,0.57,12.72,0.2410354217529297
664.46,575.0,0.57,13.34,0.23699188308715818
664.46,580.0,0.57,15.21,0.23351291397094726
664.46,585.0,0.57,15.84,0.22966773757934572
664.46,590.0,0.57,15.52,0.22583019050598144
664.46,595.0,0.57,16.79,0.2222367816162109
664.46,600.0,0.57,17.15,0.21852893295288084
664.46,605.0,0.57,18.44,0.21465323928833008
664.46,610.0,0.57,20.95,0.21004513107299805
664.46,615.0,0.57,19.94,0.2063220237731933
664.46,620.0,0.57,20.95,0.20254551124572748
664.46,625.0,0.57,22.01,0.19770089416503905
664.46,630.0,0.57,23.23,0.19388623504638675
664.46,635.0,0.57,24.4,0.1902851968383789
664.46,640.0,0.57,25.9,0.18595937339782712
664.46,645.0,0.57,26.96,0.1823049299621582
664.46,650.0,0.57,28.45,0.17785703742980957
664.46,655.0,0.57,30.11,0.1738058694458008
664.46,660.0,0.57,31.52,0.1696173737335205
664.46,665.0,0.57,36.3,0.16544413665771485
664.46,670.0,0.57,37.22,0.16141585662841795
664.46,675.0,0.57,37.19,0.15733417137145997
664.46,680.0,0.57,43.33,0.15321433952331545
664.46,685.0,0.57,44.43,0.14915554222106933
664.46,690.0,0.57,45.92,0.14641661697387692
664.46,695.0,0.57,48.27,0.14225100921630857
664.46,700.0,0.57,52.85,0.13842109146118164
664.46,705.0,0.57,46.92,0.13343151733398437
664.46,710.0,0.57,48.88,0.129716039352417
664.46,715.0,0.57,62.12,0.12610737182617188
664.46,720.0,0.57,63.42,0.12487142227172851
664.46,725.0,0.57,68.97,0.12151452224731446
664.46,730.0,0.57,75.83,0.11724210403442384
664.46,735.0,0.57,71.34,0.11237459899902343
664.46,740.0,0.57,81.1,0.1198208135986328
664.46,745.0,0.57,73.36,1.0000000000000003e-05
664.46,750.0,0.57,90.71,0.11881374359130858
664.46,755.0,0.57,91.38,0.1198360722351074
664.46,760.0,0.57,96.2,0.12195702270507813
664.46,765.0,0.57,194.84,0.603092348022461
664.46,785.0,0.57,120.05,1.0000000000000003e-05
664.46,790.0,0.57,118.35,0.1460351510620117
664.46,800.0,0.57,136.0,0.15714343841552736
664.46,820.0,0.57,170.13,0.27004971900939945
664.46,840.0,0.57,171.64,1.0000000000000003e-05
664.46,845.0,0.57,274.94,0.7084837501525878
664.46,850.0,0.57,175.62,1.0000000000000003e-05
664.46,860.0,0.57,269.78,0.5407226714324952
664.46,865.0,0.57,193.6,0.20276676147460934
664.46,870.0,0.57,198.55,0.20621521331787107
664.46,300.0,0.83,2.0,0.4508111560058594
664.46,305.0,0.83,1.84,0.4458063232421875
664.46,310.0,0.83,1.71,0.43933666137695315
664.46,315.0,0.83,1.78,0.4342707940673829
664.46,320.0,0.83,2.09,0.4295100994873047
664.46,325.0,0.83,2.06,0.42401699035644536
664.46,330.0,0.83,2.27,0.4185238812255859
664.46,335.0,0.83,2.59,0.4133359448242187
664.46,340.0,0.83,2.52,0.408636284790039
664.46,345.0,0.83,2.4,0.4033873138427735
664.46,350.0,0.83,2.88,0.3980467910766602
664.46,355.0,0.83,2.45,0.39374385559082037
664.46,360.0,0.83,2.92,0.38861695373535154
664.46,365.0,0.83,2.78,0.3841614318847656
664.46,370.0,0.83,3.15,0.3792176336669921
664.46,375.0,0.83,3.48,0.37485366363525385
664.46,380.0,0.83,3.42,0.369574175415039
664.46,385.0,0.83,3.02,0.3649050326538086
664.46,390.0,0.83,3.59,0.36096830444335937
664.46,395.0,0.83,3.43,0.3563601962280273
664.46,400.0,0.83,4.23,0.35227088165283205
664.46,405.0,0.83,3.92,0.3473576007080078
664.46,410.0,0.83,4.66,0.34363449340820307
664.46,415.0,0.83,3.61,0.3392705233764648
664.46,420.0,0.83,4.66,0.33518120880126956
664.46,425.0,0.83,5.09,0.33115292877197267
664.46,430.0,0.83,5.1,0.327155166015625
664.46,435.0,0.83,5.77,0.3228064546203612
664.46,440.0,0.83,5.13,0.319220675048828
664.46,445.0,0.83,4.79,0.31537549865722647
664.46,450.0,0.83,6.36,0.31140825317382803
664.46,455.0,0.83,6.86,0.30748678359985343
664.46,460.0,0.83,6.63,0.30380945220947264
664.46,465.0,0.83,6.14,0.3000405690002441
664.46,470.0,0.83,6.31,0.29659211715698236
664.46,475.0,0.83,6.68,0.29279271667480455
664.46,480.0,0.83,8.47,0.28920693710327144
664.46,485.0,0.83,8.84,0.2856821920776367
664.46,490.0,0.83,9.23,0.2821421884155273
664.46,495.0,0.83,7.56,0.2784495983886719
664.46,500.0,0.83,9.39,0.27519950881958005
664.46,505.0,0.83,10.52,0.2718731260681152
664.46,510.0,0.83,10.42,0.2683178637695312
664.46,515.0,0.83,11.0,0.26511355010986326
664.46,520.0,0.83,12.04,0.26166509826660156
664.46,525.0,0.83,12.02,0.25846078460693367
664.46,530.0,0.83,13.11,0.2556837127685547
664.46,535.0,0.83,13.68,0.2514875877380371
664.46,540.0,0.83,14.33,0.2490004299926758
664.46,545.0,0.83,14.3,0.2450789604187012
664.46,550.0,0.83,14.93,0.24233240585327148
664.46,555.0,0.83,15.02,0.23912809219360348
664.46,560.0,0.83,16.74,0.23642731353759766
664.46,565.0,0.83,18.41,0.23296360305786135
664.46,570.0,0.83,17.8,0.22943885803222658
664.46,575.0,0.83,18.04,0.22653208778381348
664.46,580.0,0.83,20.26,0.2230302307128906
664.46,585.0,0.83,21.5,0.220085313873291
664.46,590.0,0.83,22.16,0.21697255203247068
664.46,595.0,0.83,21.8,0.2138445315551758
664.46,600.0,0.83,23.66,0.2102968985748291
664.46,605.0,0.83,25.25,0.20638305831909176
664.46,610.0,0.83,25.31,0.20375857284545895
664.46,615.0,0.83,28.31,0.19967688758850097
664.46,620.0,0.83,27.61,0.19705240211486816
664.46,625.0,0.83,29.09,0.19313856185913086
664.46,630.0,0.83,31.53,0.18938493728637695
664.46,635.0,0.83,32.53,0.18611195976257325
664.46,640.0,0.83,33.0,0.18271691314697264
664.46,645.0,0.83,35.95,0.17932949584960936
664.46,650.0,0.83,36.5,0.17527832786560057
664.46,655.0,0.83,39.18,0.17179172943115234
664.46,660.0,0.83,38.02,0.1680457341766358
664.46,665.0,0.83,41.07,0.16364361755371098
664.46,670.0,0.83,43.04,0.16076736457824709
664.46,675.0,0.83,44.66,0.1572273609161377
664.46,680.0,0.83,45.19,0.15342033111572267
664.46,685.0,0.83,51.63,0.14956752540588378
664.46,690.0,0.83,53.55,0.14627165992736815
664.46,695.0,0.83,48.93,0.14215182807922364
664.46,700.0,0.83,55.0,0.1392450578308106
664.46,705.0,0.83,54.54,0.13526255371093754
664.46,710.0,0.83,56.97,0.13003647071838378
664.46,715.0,0.83,59.11,0.127938408203125
664.46,720.0,0.83,62.05,0.12393301612854005
664.46,725.0,0.83,69.1,0.12043115905761718
664.46,730.0,0.83,67.22,0.1157162403869629
664.46,735.0,0.83,67.98,0.1145718426513672
664.46,740.0,0.83,80.0,0.11159640853881836
664.46,745.0,0.83,85.74,0.1098874412536621
664.46,750.0,0.83,90.78,0.10723243850708009
664.46,755.0,0.83,92.68,0.11075718353271484
664.46,760.0,0.83,83.69,0.1098874412536621
664.46,765.0,0.83,83.24,0.10968907897949219
664.46,775.0,0.83,91.05,0.11252718536376952
664.46,780.0,0.83,111.15,1.0000000000000003e-05
664.46,800.0,0.83,112.9,0.1379022978210449
664.46,840.0,0.83,190.24,0.24415581291198732
664.46,850.0,0.83,181.15,1.0000000000000003e-05
664.46,150.0,1.08,0.51,0.5930216479492189
664.46,200.0,1.08,1.0,0.5249070947265625
664.46,210.0,1.08,1.08,0.5120898400878906
664.46,220.0,1.08,1.13,0.5001270690917969
664.46,230.0,1.08,1.41,0.4892629199218751
664.46,240.0,1.08,1.45,0.4776663562011719
664.46,245.0,1.08,1.39,0.4720511779785156
664.46,250.0,1.08,1.66,0.4664359997558594
664.46,255.0,1.08,1.51,0.46082082153320314
664.46,260.0,1.08,1.53,0.4555718505859375
664.46,265.0,1.08,1.47,0.4503228796386719
664.46,270.0,1.08,1.62,0.44507390869140623
664.46,275.0,1.08,1.88,0.43933666137695315
664.46,280.0,1.08,2.03,0.4347590704345704
664.46,285.0,1.08,1.74,0.43005941040039064
664.46,290.0,1.08,1.92,0.4246883703613281
664.46,295.0,1.08,2.31,0.41992767578125
664.46,300.0,1.08,2.6,0.4154111193847656
664.46,305.0,1.08,2.57,0.4102842175292969
664.46,310.0,1.08,2.58,0.4054014538574219
664.46,315.0,1.08,2.68,0.4004576556396484
664.46,320.0,1.08,2.65,0.395788512878418
664.46,325.0,1.08,3.05,0.39182126739501955
664.46,330.0,1.08,2.86,0.3867859173583984
664.46,335.0,1.08,3.06,0.38294074096679687
664.46,340.0,1.08,3.36,0.37830211547851555
664.46,345.0,1.08,3.33,0.3738465936279296
664.46,350.0,1.08,3.6,0.369574175415039
664.46,355.0,1.08,3.21,0.36484399810791024
664.46,360.0,1.08,4.14,0.36048002807617185
664.46,365.0,1.08,4.3,0.3562686444091796
664.46,370.0,1.08,4.5,0.35214881256103514
664.46,375.0,1.08,3.77,0.3485172570800781
664.46,380.0,1.08,4.2,0.34442794250488284
664.46,385.0,1.08,4.72,0.34064380065917965
664.46,390.0,1.08,4.2,0.3362798306274414
664.46,395.0,1.08,5.28,0.3324956887817383
664.46,400.0,1.08,5.3,0.3290777542114257
664.46,405.0,1.08,5.83,0.32498843963623036
664.46,410.0,1.08,6.18,0.3217841259765625
664.46,415.0,1.08,6.4,0.31781688049316403
664.46,420.0,1.08,6.45,0.3140632559204102
664.46,425.0,1.08,6.92,0.3109199768066406
664.46,430.0,1.08,7.28,0.307349455871582
664.46,435.0,1.08,6.85,0.3039010040283203
664.46,440.0,1.08,7.47,0.30014737945556635
664.46,445.0,1.08,8.01,0.29715668670654294
664.46,450.0,1.08,8.2,0.2932352171325683
664.46,455.0,1.08,8.0,0.29041236938476556
664.46,460.0,1.08,9.15,0.2871012452697753
664.46,465.0,1.08,9.02,0.2840342593383788
664.46,470.0,1.08,9.52,0.2806010661315917
664.46,475.0,1.08,9.73,0.2777477011108398
664.46,480.0,1.08,11.05,0.2745128701782227
664.46,485.0,1.08,11.1,0.27141536697387697
664.46,490.0,1.08,11.2,0.2682720878601074
664.46,495.0,1.08,10.62,0.26538820556640624
664.46,500.0,1.08,11.88,0.26238225418090827
664.46,505.0,1.08,13.34,0.2592389750671387
664.46,510.0,1.08,13.9,0.25659923095703124
664.46,515.0,1.08,14.83,0.25334914138793946
664.46,520.0,1.08,15.07,0.250358448638916
664.46,525.0,1.08,15.76,0.2475661181640625
664.46,530.0,1.08,16.6,0.24456016677856446
664.46,535.0,1.08,15.79,0.24158473266601563
664.46,540.0,1.08,17.5,0.2386550744628906
664.46,545.0,1.08,18.21,0.2357559335327148
664.46,550.0,1.08,18.03,0.2330246376037598
664.46,555.0,1.08,20.0,0.22966773757934572
664.46,560.0,1.08,20.15,0.22767648551940917
664.46,565.0,1.08,20.38,0.22458661163330074
664.46,570.0,1.08,22.1,0.2215806602478027
664.46,575.0,1.08,21.83,0.2187654418182373
664.46,580.0,1.08,24.1,0.21578237838745118
664.46,585.0,1.08,24.95,0.21286034950256347
664.46,590.0,1.08,27.01,0.2101672001647949
664.46,595.0,1.08,26.22,0.20720702468872065
664.46,600.0,1.08,26.95,0.20415529739379878
664.46,605.0,1.08,28.04,0.20121800987243652
664.46,610.0,1.08,29.36,0.1982959809875488
664.46,615.0,1.08,30.48,0.19522136573791501
664.46,620.0,1.08,33.35,0.19194838821411137
664.46,625.0,1.08,33.74,0.18903398864746096
664.46,630.0,1.08,36.15,0.18578389907836912
664.46,635.0,1.08,36.46,0.1826635079193115
664.46,640.0,1.08,37.5,0.179695703125
664.46,645.0,1.08,40.39,0.17645324287414552
664.46,650.0,1.08,40.0,0.17314974807739258
664.46,655.0,1.08,42.08,0.16981573600769045
664.46,660.0,1.08,43.18,0.1665809050750733
664.46,665.0,1.08,46.2,0.16328503959655763
664.46,670.0,1.08,46.59,0.15983658775329587
664.46,675.0,1.08,48.43,0.15666279136657715
664.46,680.0,1.08,50.63,0.15337455520629883
664.46,685.0,1.08,54.8,0.1499947672271729
664.46,690.0,1.08,57.4,0.14694303993225097
664.46,695.0,1.08,50.92,0.14321230331420898
664.46,700.0,1.08,60.45,0.13984014465332031
664.46,705.0,1.08,62.46,0.13636117553710939
664.46,710.0,1.08,61.69,0.13401897483825684
664.46,715.0,1.08,69.52,0.13032638481140132
664.46,720.0,1.08,72.48,0.1269771141052246
664.46,725.0,1.08,76.76,0.12360495544433595
664.46,730.0,1.08,77.13,0.12059137474060058
664.46,735.0,1.08,80.79,0.11773800971984863
664.46,740.0,1.08,76.4,0.1139309799194336
664.46,745.0,1.08,75.15,0.1091016214752197
664.46,750.0,1.08,76.42,0.10805640487670898
664.46,755.0,1.08,88.7,0.10479105667114258
664.46,760.0,1.08,99.23,0.10218182983398436
664.46,765.0,1.08,96.7,0.10802588760375975
664.46,770.0,1.08,98.8,0.0903258692932129
664.46,775.0,1.08,256.98,0.6132393412780763
664.46,780.0,1.08,103.64,0.11011632080078124
664.46,785.0,1.08,103.18,0.11269503036499023
664.46,800.0,1.08,115.5,0.12043115905761718
664.46,805.0,1.08,133.17,0.12444418045043945
664.46,810.0,1.08,138.18,0.12764849411010742
664.46,820.0,1.08,226.06,0.4405573522949219
664.46,835.0,1.08,189.88,0.16060714889526367
664.46,840.0,1.08,252.26,0.47999329826354975
664.46,855.0,1.08,287.08,0.5062457823181152
664.46,860.0,1.08,176.56,0.15470205657958985
664.46,870.0,1.08,180.77,0.1611717184448242
664.46,875.0,1.08,297.0,0.4909337406158448
664.46,900.0,1.08,221.5,0.17517914672851562
664.46,910.0,1.08,252.32,0.1695944857788086
664.46,925.0,1.08,253.05,0.1871724349975586
664.46,930.0,1.08,259.93,0.18953752365112309
664.46,935.0,1.08,264.83,0.19332166549682617
664.46,50.0,1.15,0.08,0.8125018749999999
664.46,55.0,1.15,0.07,0.79101771484375
664.46,70.0,1.15,0.1,0.7412135253906249
664.46,80.0,1.15,0.14,0.711916943359375
664.46,90.0,1.15,0.17,0.6884796777343751
664.46,95.0,1.15,0.17,0.676761044921875
664.46,100.0,1.15,0.25,0.6669955175781253
664.46,105.0,1.15,0.23,0.6543003320312502
664.46,125.0,1.15,0.34,0.6174354663085939
664.46,150.0,1.15,0.58,0.5786174951171875
664.46,195.0,1.15,1.01,0.5178270874023438
664.46,200.0,1.15,1.09,0.5116015637207032
664.46,205.0,1.15,1.05,0.5053760400390624
664.46,210.0,1.15,1.0,0.5007374145507812
664.46,215.0,1.15,1.03,0.4946339599609375
664.46,220.0,1.15,1.04,0.4891408508300782
664.46,225.0,1.15,1.45,0.47473669799804685
664.46,230.0,1.15,1.12,0.4770560107421875
664.46,235.0,1.15,1.43,0.47199014343261714
664.46,240.0,1.15,1.35,0.46594772338867196
664.46,245.0,1.15,1.49,0.4598442687988281
664.46,250.0,1.15,1.74,0.45514460876464846
664.46,255.0,1.15,1.63,0.4503228796386719
664.46,260.0,1.15,1.94,0.4454401159667969
664.46,265.0,1.15,1.8,0.4398249377441406
664.46,270.0,1.15,1.74,0.4351863122558594
664.46,275.0,1.15,2.09,0.4298763067626954
664.46,280.0,1.15,2.0,0.42517664672851563
664.46,285.0,1.15,2.45,0.42011077941894537
664.46,290.0,1.15,2.21,0.41535008483886715
664.46,295.0,1.15,2.44,0.4105588729858398
664.46,300.0,1.15,2.68,0.4062559375
664.46,305.0,1.15,2.42,0.40167834655761714
664.46,310.0,1.15,2.71,0.3970092037963867
664.46,315.0,1.15,2.64,0.3920959228515625
664.46,320.0,1.15,3.18,0.3878235046386719
664.46,325.0,1.15,3.01,0.3833069482421875
664.46,330.0,1.15,3.27,0.37875987457275384
664.46,335.0,1.15,3.44,0.37439590454101557
664.46,340.0,1.15,3.49,0.3701845208740234
664.46,345.0,1.15,3.44,0.3661257235717773
664.46,350.0,1.15,3.95,0.3616091671752929
664.46,355.0,1.15,4.05,0.35764192169189457
664.46,360.0,1.15,4.07,0.35324743438720696
664.46,365.0,1.15,4.05,0.3491581198120117
664.46,370.0,1.15,3.79,0.34586225433349604
664.46,375.0,1.15,4.53,0.3413151806640625
664.46,380.0,1.15,5.07,0.3375310388183594
664.46,385.0,1.15,4.17,0.3342962078857422
664.46,390.0,1.15,4.47,0.3303594796752929
664.46,395.0,1.15,5.86,0.3266516310119629
664.46,400.0,1.15,5.65,0.323126885986328
664.46,405.0,1.15,5.57,0.31890024368286124
664.46,410.0,1.15,6.63,0.315863775024414
664.46,415.0,1.15,5.35,0.31189652954101554
664.46,420.0,1.15,6.81,0.30844807769775384
664.46,425.0,1.15,6.89,0.30557945404052733
664.46,430.0,1.15,7.13,0.30205470901489256
664.46,435.0,1.15,7.09,0.29897246444702147
664.46,440.0,1.15,8.2,0.2956918576049804
664.46,445.0,1.15,7.46,0.29230444030761704
664.46,450.0,1.15,8.65,0.2888407298278808
664.46,455.0,1.15,7.52,0.2854838298034667
664.46,460.0,1.15,9.13,0.28220322296142575
664.46,465.0,1.15,10.29,0.2796855479431152
664.46,470.0,1.15,9.89,0.2765422688293457
664.46,475.0,1.15,9.35,0.2733684724426269
664.46,480.0,1.15,11.58,0.2704082969665527
664.46,485.0,1.15,11.52,0.2675549319458008
664.46,490.0,1.15,12.05,0.26450320465087884
664.46,495.0,1.15,12.5,0.2612073391723633
664.46,500.0,1.15,12.69,0.25890328506469734
664.46,505.0,1.15,12.56,0.2558515577697754
664.46,510.0,1.15,14.85,0.2528150891113281
664.46,515.0,1.15,14.8,0.24991594818115231
664.46,520.0,1.15,16.0,0.24731435066223142
664.46,525.0,1.15,16.46,0.24421684745788577
664.46,530.0,1.15,13.56,0.24146266357421875
664.46,535.0,1.15,17.38,0.23840330696105955
664.46,540.0,1.15,17.54,0.2357711921691894
664.46,545.0,1.15,16.81,0.23330692237854003
664.46,550.0,1.15,20.14,0.23027045372009278
664.46,555.0,1.15,19.75,0.22766122688293455
664.46,560.0,1.15,20.6,0.22460187026977535
664.46,565.0,1.15,21.21,0.22164169479370116
664.46,570.0,1.15,23.56,0.21920031295776365
664.46,575.0,1.15,24.63,0.21636220657348632
664.46,580.0,1.15,24.13,0.21381401428222657
664.46,585.0,1.15,24.51,0.21114375289916987
664.46,590.0,1.15,24.76,0.20812254287719723
664.46,595.0,1.15,28.78,0.20537598831176757
664.46,600.0,1.15,28.22,0.20261417510986324
664.46,605.0,1.15,29.25,0.19950904258728028
664.46,610.0,1.15,32.28,0.19635813415527342
664.46,615.0,1.15,32.17,0.19369550209045414
664.46,620.0,1.15,35.11,0.19068955070495605
664.46,625.0,1.15,36.1,0.18763782341003418
664.46,630.0,1.15,37.58,0.18483786361694332
664.46,635.0,1.15,36.82,0.18134363586425778
664.46,640.0,1.15,38.47,0.1787496676635742
664.46,645.0,1.15,39.84,0.17541565559387207
664.46,650.0,1.15,41.47,0.17235629898071292
664.46,655.0,1.15,45.75,0.16916724395751953
664.46,660.0,1.15,44.71,0.1656882748413086
664.46,665.0,1.15,46.3,0.16297223754882814
664.46,670.0,1.15,48.25,0.15959244956970212
664.46,675.0,1.15,50.3,0.15644917045593262
664.46,680.0,1.15,51.89,0.15335166725158692
664.46,685.0,1.15,56.8,0.15052881950378422
664.46,690.0,1.15,60.4,0.1472711006164551
664.46,695.0,1.15,57.2,0.14368532104492188
664.46,700.0,1.15,60.88,0.14046574874877932
664.46,705.0,1.15,65.85,0.13705544349670415
664.46,710.0,1.15,55.2,0.1347513893890381
664.46,715.0,1.15,69.04,0.13163862754821778
664.46,720.0,1.15,75.16,0.12819780502319333
664.46,725.0,1.15,76.78,0.12477987045288086
664.46,730.0,1.15,80.05,0.12197991065979005
664.46,735.0,1.15,84.55,0.11969111518859862
664.46,740.0,1.15,83.98,0.1157314990234375
664.46,745.0,1.15,73.24,0.11367158309936523
664.46,750.0,1.15,93.07,0.11032994171142577
664.46,755.0,1.15,89.57,0.10785804260253906
664.46,760.0,1.15,86.69,0.10474528076171874
664.46,765.0,1.15,88.55,0.1030668307495117
664.46,770.0,1.15,90.23,0.108407353515625
664.46,780.0,1.15,107.63,0.106454248046875
664.46,785.0,1.15,104.2,0.10930761306762696
664.46,790.0,1.15,119.19,1.0000000000000003e-05
664.46,795.0,1.15,152.27,0.13056289367675777
664.46,800.0,1.15,113.98,0.11701322448730468
664.46,870.0,1.15,292.17,0.46117939949035647
664.46,900.0,1.15,272.17,0.19097183547973634
664.46,910.0,1.15,321.1,0.4118253398132324
664.46,1000.0,1.15,363.81,0.23827360855102536
664.46,335.0,1.32,4.01,0.35907623352050777
664.46,350.0,1.32,3.77,0.34751018707275383
664.46,355.0,1.32,4.95,0.34360397613525384
664.46,380.0,1.32,5.3,0.32529361236572263
664.46,390.0,1.32,5.13,0.3183967086791991
664.46,400.0,1.32,6.32,0.3111030804443359
664.46,415.0,1.32,7.31,0.3017342776489258
664.46,420.0,1.32,7.19,0.29846892944335934
664.46,425.0,1.32,6.36,0.2952340985107421
664.46,430.0,1.32,7.82,0.29219762985229486
664.46,445.0,1.32,8.67,0.2831797756958008
664.46,450.0,1.32,8.94,0.28020434158325186
664.46,465.0,1.32,9.6,0.2714611428833008
664.46,470.0,1.32,10.33,0.26821105331420897
664.46,475.0,1.32,10.1,0.2657238955688477
664.46,480.0,1.32,11.35,0.26271794418334965
664.46,490.0,1.32,14.25,0.2574537145996094
664.46,500.0,1.32,13.39,0.2518690536499023
664.46,505.0,1.32,12.75,0.24933611999511718
664.46,510.0,1.32,15.44,0.2465590481567383
664.46,515.0,1.32,15.75,0.24378197631835938
664.46,520.0,1.32,14.55,0.24117274948120115
664.46,530.0,1.32,19.4,0.2357559335327148
664.46,535.0,1.32,15.99,0.2331924826049805
664.46,540.0,1.32,20.1,0.23050696258544923
664.46,545.0,1.32,17.35,0.22789010643005372
664.46,550.0,1.32,19.38,0.22491467231750487
664.46,555.0,1.32,18.82,0.22264876480102536
664.46,560.0,1.32,21.52,0.22018449501037593
664.46,565.0,1.32,21.94,0.21723194885253905
664.46,570.0,1.32,22.85,0.214676127243042
664.46,575.0,1.32,24.95,0.21209741767883297
664.46,580.0,1.32,24.65,0.20946530288696286
664.46,590.0,1.32,30.28,0.20411715080261228
664.46,595.0,1.32,28.79,0.2013934841918945
664.46,600.0,1.32,31.49,0.19867744689941402
664.46,605.0,1.32,30.29,0.19617503051757812
664.46,610.0,1.32,34.01,0.1934742518615723
664.46,615.0,1.32,36.76,0.190350046043396
664.46,620.0,1.32,34.42,0.18775226318359373
664.46,625.0,1.32,36.7,0.18508200180053708
664.46,630.0,1.32,33.21,0.18205316246032713
664.46,635.0,1.32,41.63,0.17916165084838864
664.46,640.0,1.32,41.6,0.17652190673828128
664.46,645.0,1.32,38.63,0.1733481103515625
664.46,650.0,1.32,44.45,0.17054052124023442
664.46,655.0,1.32,45.55,0.16699288825988773
664.46,660.0,1.32,47.21,0.16478038597106934
664.46,665.0,1.32,48.0,0.16104964935302735
664.46,670.0,1.32,46.92,0.15865785808563232
664.46,675.0,1.32,49.02,0.15571675590515136
664.46,680.0,1.32,58.4,0.15241326110839848
664.46,685.0,1.32,48.35,0.14962093063354492
664.46,690.0,1.32,47.39,0.14630217720031738
664.46,695.0,1.32,60.88,0.14344118286132812
664.46,700.0,1.32,54.63,0.14028264511108396
664.46,710.0,1.32,59.97,0.13402660415649414
664.46,715.0,1.32,59.69,0.13185224845886231
664.46,720.0,1.32,62.69,0.12908280593872068
664.46,730.0,1.32,66.69,0.12301749794006347
664.46,740.0,1.32,69.69,0.1167233103942871
664.46,750.0,1.32,79.14,0.11138278762817383
664.46,760.0,1.32,94.78,0.1049970482635498
664.46,765.0,1.32,90.29,0.10453165985107421
664.46,770.0,1.32,92.8,0.10444010803222654
664.46,780.0,1.32,97.47,0.10335674484252927
664.46,790.0,1.32,103.68,0.10926183715820312
664.46,800.0,1.32,112.88,0.11501434310913086
664.46,810.0,1.32,122.99,0.12064477996826173
664.46,820.0,1.32,132.87,0.1261226304626465
664.46,50.0,1.57,0.1,0.72070591796875
664.46,75.0,1.57,0.19,0.6469761865234375
664.46,80.0,1.57,0.21,0.6337927246093751
664.46,90.0,1.57,0.23,0.6132851171875001
664.46,100.0,1.57,0.32,0.5937540625000001
664.46,145.0,1.57,0.61,0.527470545654297
664.46,150.0,1.57,0.7,0.5210008837890624
664.46,175.0,1.57,1.0,0.4901174035644532
664.46,180.0,1.57,1.06,0.48438015625
664.46,200.0,1.57,1.28,0.46106495971679695
664.46,240.0,1.57,2.0,0.4211483666992188
664.46,245.0,1.57,2.15,0.4167538793945312
664.46,275.0,1.57,2.37,0.38980712738037115
664.46,290.0,1.57,2.69,0.3770203900146484
664.46,295.0,1.57,2.8,0.3729921099853516
664.46,300.0,1.57,3.68,0.368719691772461
664.46,310.0,1.57,3.37,0.36048002807617185
664.46,320.0,1.57,3.62,0.35315588256835934
664.46,325.0,1.57,4.09,0.34943277526855465
664.46,330.0,1.57,4.2,0.34564863342285157
664.46,335.0,1.57,4.47,0.34168138793945313
664.46,340.0,1.57,4.12,0.3384160397338867
664.46,350.0,1.57,5.15,0.33081723876953123
664.46,355.0,1.57,5.15,0.3272467178344727
664.46,375.0,1.57,6.15,0.3139411868286133
664.46,380.0,1.57,5.83,0.3110420458984374
664.46,390.0,1.57,6.52,0.30464867721557615
664.46,395.0,1.57,6.3,0.30120022537231445
664.46,400.0,1.57,7.83,0.2983010844421386
664.46,410.0,1.57,7.71,0.29273168212890616
664.46,420.0,1.57,8.02,0.2869944348144531
664.46,425.0,1.57,8.92,0.28388167297363276
664.46,440.0,1.57,9.27,0.2756114920043945
664.46,445.0,1.57,10.12,0.2727276097106933
664.46,450.0,1.57,11.85,0.2699963137817383
664.46,455.0,1.57,11.3,0.267310793762207
664.46,460.0,1.57,11.41,0.2645947564697265
664.46,475.0,1.57,12.74,0.25658397232055663
664.46,480.0,1.57,13.8,0.25419599571228024
664.46,485.0,1.57,12.73,0.25157913955688477
664.46,490.0,1.57,16.5,0.24904620590209958
664.46,500.0,1.57,16.75,0.24369042449951173
664.46,510.0,1.57,17.12,0.23893735923767087
664.46,515.0,1.57,16.36,0.23637390830993651
664.46,520.0,1.57,19.28,0.23395541442871093
664.46,525.0,1.57,18.66,0.2314224807739258
664.46,530.0,1.57,18.15,0.2293396768951416
664.46,535.0,1.57,19.72,0.22605144073486327
664.46,540.0,1.57,22.29,0.2241898870849609
664.46,545.0,1.57,23.35,0.22162643615722655
664.46,550.0,1.57,25.42,0.21920794227600096
664.46,555.0,1.57,21.42,0.21675130180358884
664.46,560.0,1.57,25.9,0.21442435974121093
664.46,570.0,1.57,27.53,0.20902280242919918
664.46,575.0,1.57,24.72,0.20706206764221188
664.46,580.0,1.57,29.86,0.20477327217102045
664.46,585.0,1.57,28.17,0.20227848510742186
664.46,590.0,1.57,31.94,0.1995471891784668
664.46,595.0,1.57,32.06,0.1969761089324951
664.46,600.0,1.57,34.54,0.1945499857330322
664.46,605.0,1.57,31.15,0.19174239662170414
664.46,610.0,1.57,38.41,0.18888140228271483
664.46,615.0,1.57,39.73,0.18644002044677732
664.46,620.0,1.57,34.2,0.18415122497558595
664.46,625.0,1.57,35.55,0.1809278380203247
664.46,630.0,1.57,43.48,0.17903195243835449
664.46,640.0,1.57,37.68,0.17359987785339356
664.46,645.0,1.57,40.68,0.170818991355896
664.46,650.0,1.57,48.35,0.16820594985961917
664.46,655.0,1.57,49.19,0.16550135654449466
664.46,660.0,1.57,52.22,0.16275861663818358
664.46,665.0,1.57,52.62,0.1596763720703125
664.46,670.0,1.57,57.67,0.157234990234375
664.46,675.0,1.57,56.26,0.1544579183959961
664.46,680.0,1.57,59.24,0.1516732172393799
664.46,685.0,1.57,55.47,0.1489266626739502
664.46,690.0,1.57,64.7,0.14605803901672362
664.46,695.0,1.57,58.98,0.14329622581481935
664.46,700.0,1.57,61.01,0.14041997283935548
664.46,705.0,1.57,59.82,0.13778022872924806
664.46,710.0,1.57,61.91,0.13482005325317387
664.46,715.0,1.57,63.98,0.1310511700439453
664.46,720.0,1.57,73.9,0.12749590774536135
664.46,725.0,1.57,76.55,0.12719073501586914
664.46,730.0,1.57,79.28,0.1243373699951172
664.46,735.0,1.57,78.03,0.12218590225219728
664.46,740.0,1.57,77.07,0.11909602836608885
664.46,745.0,1.57,79.88,0.11590697334289551
664.46,750.0,1.57,94.84,0.1129544271850586
664.46,760.0,1.57,86.69,0.10963567375183106
664.46,770.0,1.57,103.8,0.10580575599670408
664.46,50.0,2.07,0.16,0.6513706738281251
664.46,85.0,2.07,0.31,0.5654340332031251
664.46,90.0,2.07,0.31,0.5556685058593751
664.46,100.0,2.07,0.47,0.5395553857421876
664.46,140.0,2.07,0.93,0.48767602172851565
664.46,145.0,2.07,0.92,0.4809622216796875
664.46,150.0,2.07,1.05,0.47485876708984376
664.46,200.0,2.07,2.05,0.4216976776123047
664.46,205.0,2.07,1.76,0.4128476684570312
664.46,210.0,2.07,1.82,0.41235939208984373
664.46,215.0,2.07,2.13,0.4078428356933594
664.46,220.0,2.07,2.33,0.4035704174804688
664.46,225.0,2.07,2.01,0.3994811029052735
664.46,230.0,2.07,2.35,0.3948424774169922
664.46,235.0,2.07,2.64,0.3909973010253906
664.46,240.0,2.07,2.39,0.3863281582641601
664.46,245.0,2.07,2.75,0.3823914300537109
664.46,250.0,2.07,3.14,0.37814952911376953
664.46,255.0,2.07,3.18,0.3743348699951171
664.46,260.0,2.07,3.3,0.3704896936035156
664.46,265.0,2.07,3.49,0.3665834826660156
664.46,270.0,2.07,3.32,0.36286037536621096
664.46,275.0,2.07,3.9,0.35907623352050777
664.46,280.0,2.07,4.0,0.3554446780395507
664.46,285.0,2.07,4.05,0.3514163980102538
664.46,290.0,2.07,4.11,0.3477238079833984
664.46,295.0,2.07,3.96,0.34400070068359373
664.46,300.0,2.07,4.76,0.34097949066162114
664.46,305.0,2.07,4.65,0.33731741790771486
664.46,310.0,2.07,4.56,0.12500875
664.46,315.0,2.07,5.12,0.33017637603759764
664.46,320.0,2.07,5.38,0.32733826965332036
664.46,325.0,2.07,5.71,0.32355412780761705
664.46,330.0,2.07,5.65,0.3207312800598144
664.46,335.0,2.07,6.26,0.31758800094604495
664.46,340.0,2.07,6.64,0.314185325012207
664.46,345.0,2.07,6.7,0.3114998049926757
664.46,350.0,2.07,7.3,0.30799031860351556
664.46,355.0,2.07,5.91,0.3053963504028321
664.46,360.0,2.07,6.33,0.30240565765380856
664.46,365.0,2.07,7.12,0.2995675512695312
664.46,370.0,2.07,8.11,0.29683625534057617
664.46,375.0,2.07,8.92,0.2935251312255859
664.46,380.0,2.07,7.78,0.2912058184814452
664.46,385.0,2.07,8.68,0.2882914189147949
664.46,390.0,2.07,9.67,0.2854075366210937
664.46,395.0,2.07,9.09,0.2827067579650879
664.46,400.0,2.07,10.75,0.2806315834045409
664.46,405.0,2.07,9.7,0.27756459747314455
664.46,410.0,2.07,10.17,0.2752452847290039
664.46,415.0,2.07,10.21,0.27284967880249017
664.46,420.0,2.07,12.56,0.2699047619628906
664.46,425.0,2.07,11.83,0.2679516564941406
664.46,430.0,2.07,13.37,0.26532717102050785
664.46,435.0,2.07,11.72,0.2625119525909424
664.46,440.0,2.07,12.31,0.2605435884857177
664.46,445.0,2.07,12.45,0.2580716893768311
664.46,450.0,2.07,15.49,0.2556379368591309
664.46,455.0,2.07,15.67,0.25324233093261717
664.46,460.0,2.07,17.0,0.25099168205261224
664.46,465.0,2.07,16.06,0.2487028865814209
664.46,470.0,2.07,17.06,0.2462843927001953
664.46,475.0,2.07,17.64,0.24404137313842772
664.46,480.0,2.07,19.16,0.24172206039428712
664.46,485.0,2.07,18.32,0.23945615287780758
664.46,490.0,2.07,20.64,0.2372055039978027
664.46,495.0,2.07,21.32,0.23496248443603518
664.46,500.0,2.07,22.1,0.2327194648742676
664.46,505.0,2.07,20.91,0.23060614372253418
664.46,510.0,2.07,21.37,0.22827920166015625
664.46,515.0,2.07,23.98,0.22583019050598144
664.46,520.0,2.07,21.0,0.22358717094421385
664.46,525.0,2.07,24.03,0.2215654016113281
664.46,530.0,2.07,25.7,0.21949022705078125
664.46,535.0,2.07,26.2,0.21702595726013182
664.46,540.0,2.07,27.56,0.21513388633728028
664.46,545.0,2.07,29.36,0.2128908667755127
664.46,550.0,2.07,29.47,0.21083858016967771
664.46,555.0,2.07,26.76,0.20848112083435053
664.46,560.0,2.07,32.05,0.20627624786376947
664.46,565.0,2.07,31.11,0.20383868068695066
664.46,570.0,2.07,31.83,0.20190464851379394
664.46,575.0,2.07,30.6,0.19985999122619627
664.46,580.0,2.07,35.86,0.1975864543914795
664.46,585.0,2.07,38.71,0.19533580551147461
664.46,590.0,2.07,35.89,0.1925892509460449
664.46,595.0,2.07,41.06,0.19083450775146482
664.46,600.0,2.07,40.81,0.188309203414917
664.46,605.0,2.07,40.5,0.1860661838531494
664.46,610.0,2.07,42.98,0.1833348879241943
664.46,615.0,2.07,41.1,0.18158777404785154
664.46,620.0,2.07,46.19,0.17900906448364257
664.46,625.0,2.07,47.04,0.1769033726501465
664.46,630.0,2.07,49.37,0.1744772494506836
664.46,635.0,2.07,52.07,0.1720434969329834
664.46,640.0,2.07,48.94,0.16915961463928222
664.46,645.0,2.07,53.3,0.16730950496673586
664.46,650.0,2.07,57.0,0.16481090324401856
664.46,655.0,2.07,58.55,0.16262510356903076
664.46,660.0,2.07,60.68,0.15942460456848143
664.46,665.0,2.07,59.39,0.1574486111450195
664.46,670.0,2.07,63.1,0.15518270362854006
664.46,675.0,2.07,61.44,0.15229119201660157
664.46,680.0,2.07,68.5,0.14993373268127444
664.46,685.0,2.07,63.63,0.14761823459625245
664.46,690.0,2.07,67.71,0.14486023605346682
664.46,695.0,2.07,60.98,0.14225100921630857
664.46,700.0,2.07,73.67,0.13971044624328613
664.46,705.0,2.07,65.17,0.13704018486022954
664.46,710.0,2.07,77.81,0.13452632450103763
664.46,715.0,2.07,70.63,0.13173017936706544
664.46,720.0,2.07,72.7,0.1288501117324829
664.46,725.0,2.07,85.25,0.12629047546386718
664.46,730.0,2.07,78.37,0.12349051567077637
664.46,735.0,2.07,80.42,0.12074396110534669
664.46,740.0,2.07,86.91,0.11788678142547605
664.46,745.0,2.07,84.69,0.12162896202087403
664.46,750.0,2.07,102.23,0.1188671488189697
664.46,755.0,2.07,95.34,0.1150906362915039
664.46,760.0,2.07,111.38,0.1139309799194336
664.46,765.0,2.07,96.17,0.10974248420715332
664.46,770.0,2.07,104.39,0.10928472511291504
664.46,775.0,2.07,104.0,0.1063016616821289
664.46,780.0,2.07,103.23,0.10286083915710448
664.46,785.0,2.07,114.01,1.0000000000000003e-05
664.46,790.0,2.07,116.77,1.0000000000000003e-05
664.46,795.0,2.07,149.0,0.09792467025756837
664.46,800.0,2.07,123.02,0.09528492614746095
664.46,805.0,2.07,142.6,0.09468983932495117
664.46,810.0,2.07,127.1,0.10006087936401367
664.46,820.0,2.07,224.84,0.3184348552703856
664.46,825.0,2.07,139.76,0.10350933120727537
664.46,850.0,2.07,186.96,1.0000000000000003e-05
664.46,875.0,2.07,187.68,0.12392538681030274
664.46,895.0,2.07,304.9,1.0000000000000003e-05
664.46,900.0,2.07,227.0,0.13341625869750978
664.46,905.0,2.07,293.1,0.4550187250137329
664.46,910.0,2.07,303.38,0.1469888158416748
664.46,915.0,2.07,241.75,0.14202212966918942
664.46,920.0,2.07,234.1,0.14070988693237307
664.46,925.0,2.07,239.26,0.14249514739990232
664.46,935.0,2.07,312.1,0.15627369613647463
664.46,995.0,2.07,350.09,0.17707121765136719
664.46,1000.0,2.07,329.61,1.0000000000000003e-05
664.46,1005.0,2.07,341.44,0.16916724395751953
664.46,50.0,2.17,0.15,0.639652041015625
664.46,55.0,2.17,0.17,0.6250037500000001
664.46,60.0,2.17,0.21,0.6108437353515627
664.46,65.0,2.17,0.25,0.5991251025390626
664.46,70.0,2.17,0.23,0.5874064697265625
664.46,75.0,2.17,0.24,0.5766643896484375
664.46,80.0,2.17,0.28,0.5664105859375
664.46,85.0,2.17,0.29,0.5573774731445313
664.46,90.0,2.17,0.37,0.5483443603515626
664.46,95.0,2.17,0.45,0.5405319384765627
664.46,100.0,2.17,0.5,0.5329636547851562
664.46,105.0,2.17,0.52,0.5258836474609375
664.46,145.0,2.17,1.07,0.4776663562011719
664.46,150.0,2.17,1.1,0.47070841796875
664.46,155.0,2.17,1.07,0.46545944702148445
664.46,160.0,2.17,1.3,0.45917288879394536
664.46,165.0,2.17,1.35,0.45386288330078123
664.46,180.0,2.17,1.57,0.4378718322753906
664.46,200.0,2.17,2.19,0.41864595031738283
664.46,205.0,2.17,2.05,0.41425146301269533
664.46,210.0,2.17,2.05,0.40955180297851557
664.46,215.0,2.17,2.3,0.40479110839843746
664.46,220.0,2.17,2.48,0.4005797247314453
664.46,225.0,2.17,2.5,0.396063168334961
664.46,230.0,2.17,2.75,0.39182126739501955
664.46,235.0,2.17,2.82,0.3875183319091796
664.46,240.0,2.17,2.65,0.3834595346069336
664.46,245.0,2.17,3.26,0.3795533236694336
664.46,250.0,2.17,3.5,0.37521987091064457
664.46,255.0,2.17,3.06,0.360083303527832
664.46,260.0,2.17,3.3,0.3672853799438477
664.46,265.0,2.17,3.63,0.3634707208251954
664.46,270.0,2.17,3.65,0.35977813079833976
664.46,275.0,2.17,3.71,0.355902437133789
664.46,280.0,2.17,4.4,0.351996226196289
664.46,285.0,2.17,4.12,0.3485477743530273
664.46,290.0,2.17,4.34,0.34503828796386715
664.46,300.0,2.17,4.82,0.3380803497314453
664.46,305.0,2.17,5.5,0.33447931152343746
664.46,310.0,2.17,5.23,0.33136654968261714
664.46,315.0,2.17,5.4,0.3280859428405762
664.46,320.0,2.17,6.17,0.32437809417724606
664.46,325.0,2.17,5.43,0.32102119415283203
664.46,330.0,2.17,6.68,0.31784739776611326
664.46,340.0,2.17,6.45,0.3118202363586425
664.46,345.0,2.17,6.37,0.3086159226989746
664.46,350.0,2.17,7.77,0.305869368133545
664.46,360.0,2.17,7.11,0.2997353962707519
664.46,365.0,2.17,7.41,0.2973550489807128
664.46,370.0,2.17,9.01,0.294379614868164
664.46,375.0,2.17,8.64,0.29169409484863273
664.46,380.0,2.17,9.54,0.2890238334655761
664.46,385.0,2.17,8.4,0.28612469253540035
664.46,390.0,2.17,8.6,0.28365279342651356
664.46,395.0,2.17,9.85,0.2804942556762695
664.46,400.0,2.17,11.0,0.2779002874755859
664.46,405.0,2.17,11.68,0.2757183024597168
664.46,410.0,2.17,11.3,0.2731853688049316
664.46,415.0,2.17,12.23,0.270713469696045
664.46,420.0,2.17,12.01,0.267860104675293
664.46,425.0,2.17,13.17,0.2657696714782715
664.46,430.0,2.17,12.02,0.26334354827880857
664.46,435.0,2.17,12.52,0.26084113189697267
664.46,440.0,2.17,12.78,0.25822427574157714
664.46,445.0,2.17,13.29,0.2561033252716065
664.46,450.0,2.17,16.33,0.2538450470733643
664.46,455.0,2.17,16.57,0.2515028463745117
664.46,460.0,2.17,17.36,0.2489928006744385
664.46,465.0,2.17,17.45,0.2469176261138916
664.46,470.0,2.17,15.75,0.24450676155090334
664.46,475.0,2.17,19.0,0.2423629231262207
664.46,480.0,2.17,19.55,0.24004361038208005
664.46,485.0,2.17,19.7,0.237838737411499
664.46,490.0,2.17,19.23,0.23567964035034178
664.46,495.0,2.17,19.93,0.23348239669799803
664.46,500.0,2.17,22.4,0.23120123054504396
664.46,505.0,2.17,20.34,0.22901161621093752
664.46,510.0,2.17,22.93,0.2269440709686279
664.46,515.0,2.17,23.73,0.22442639595031735
664.46,520.0,2.17,24.09,0.22250380775451659
664.46,525.0,2.17,26.95,0.2200700552368164
664.46,530.0,2.17,26.85,0.2181932429504394
664.46,535.0,2.17,28.79,0.2160341458892822
664.46,540.0,2.17,27.03,0.2140352645111084
664.46,545.0,2.17,26.01,0.21170069313049314
664.46,550.0,2.17,31.17,0.20973232902526853
664.46,555.0,2.17,29.49,0.2074931241226196
664.46,560.0,2.17,34.0,0.20556672126770018
664.46,565.0,2.17,32.03,0.20321307659149168
664.46,570.0,2.17,36.08,0.20090139316558836
664.46,575.0,2.17,33.52,0.19874992542266845
664.46,580.0,2.17,38.37,0.1966861948394775
664.46,585.0,2.17,35.88,0.1941608905029297
664.46,590.0,2.17,39.18,0.19208571594238283
664.46,595.0,2.17,37.08,0.1900181707000733
664.46,600.0,2.17,42.43,0.18729831874847414
664.46,605.0,2.17,40.32,0.18534902793884275
664.46,610.0,2.17,44.39,0.18345314235687255
664.46,615.0,2.17,42.35,0.18043574699401857
664.46,620.0,2.17,43.02,0.1788717367553711
664.46,625.0,2.17,50.44,0.1758161948013306
664.46,630.0,2.17,50.07,0.1739584558105469
664.46,635.0,2.17,47.86,0.17160099647521973
664.46,640.0,2.17,51.45,0.16922446384429934
664.46,645.0,2.17,53.95,0.1668593751907349
664.46,650.0,2.17,57.51,0.1646010969924927
664.46,655.0,2.17,59.46,0.16210249526977538
664.46,660.0,2.17,59.5,0.15965348411560057
664.46,665.0,2.17,63.65,0.15724261955261232
664.46,670.0,2.17,63.6,0.15486608692169196
664.46,675.0,2.17,64.51,0.1523369679260254
664.46,680.0,2.17,69.13,0.14992991802215577
664.46,685.0,2.17,68.5,0.14761441993713378
664.46,690.0,2.17,66.21,0.1442346319580078
664.46,695.0,2.17,69.39,0.142411224899292
664.46,700.0,2.17,76.16,0.14002324829101562
664.46,705.0,2.17,72.47,0.13723091781616215
664.46,710.0,2.17,69.55,0.13462169097900395
664.46,715.0,2.17,72.22,0.1320277227783203
664.46,720.0,2.17,70.77,0.12947571582794193
664.46,725.0,2.17,89.5,0.12681689842224123
664.46,730.0,2.17,80.49,0.12302894191741943
664.46,735.0,2.17,80.77,0.12122460815429686
664.46,740.0,2.17,95.13,0.11834835517883302
664.46,745.0,2.17,85.85,0.11602141311645509
664.46,750.0,2.17,102.35,0.11931727859497071
664.46,755.0,2.17,91.17,0.1159146026611328
664.46,760.0,2.17,93.86,0.11403779037475587
664.46,765.0,2.17,98.1,0.11223727127075195
664.46,770.0,2.17,99.68,0.1102155019378662
664.46,775.0,2.17,99.46,0.10527933303833009
664.46,780.0,2.17,120.07,0.10473002212524413
664.46,785.0,2.17,117.14,0.10321941711425779
664.46,790.0,2.17,132.2,0.09858842094421386
664.46,800.0,2.17,127.36,0.09887070571899415
664.46,805.0,2.17,142.86,0.09433889068603515
664.46,810.0,2.17,130.7,0.09482716705322267
664.46,815.0,2.17,141.06,0.09368276931762695
664.46,820.0,2.17,155.86,0.0991301025390625
664.46,825.0,2.17,150.54,0.1012510530090332
664.46,830.0,2.17,172.26,0.10334148620605467
664.46,835.0,2.17,153.54,0.10541666076660156
664.46,840.0,2.17,172.77,0.10746131805419923
664.46,900.0,2.17,240.0,0.13347729324340818
664.46,1000.0,2.17,330.88,1.0000000000000003e-05
664.46,1005.0,2.17,323.5,0.16838905349731448
